CustomerID,ChurnStatus,Age,Gender,MaritalStatus,IncomeLevel,Total_Interactions,Resolved_Count,Last_Interaction_Date,Unresolved_Count,LoginFrequency,ServiceUsage,Days_Since_LastLogin,Total_Spend,Avg_Spend,Txn_Count,Distinct_Categories
1,0,62,M,Single,Low,1.0,1.0,2022-03-31,0.0,34,Mobile App,71,416.5,416.5,1,1
2,1,65,M,Married,Low,1.0,1.0,2022-03-17,0.0,5,Website,26,1547.4199999999998,221.05999999999997,7,4
3,0,18,M,Single,Low,1.0,1.0,2022-08-24,0.0,3,Website,46,1702.98,283.83,6,4
4,0,21,M,Widowed,Low,2.0,1.0,2022-11-18,1.0,2,Website,128,917.29,183.458,5,4
5,0,21,M,Divorced,Medium,,,,,41,Website,65,2001.49,250.18625,8,3
6,0,57,F,Divorced,Medium,1.0,1.0,2022-05-05,0.0,2,Website,105,1164.29,232.858,5,4
7,0,27,F,Married,High,,,,,32,Mobile App,358,86.73,86.73,1,1
8,1,37,M,Single,Low,2.0,0.0,2022-09-13,2.0,17,Online Banking,253,2046.88,292.4114285714286,7,4
9,0,39,M,Divorced,High,1.0,1.0,2022-08-15,0.0,24,Website,187,1317.24,263.448,5,3
10,1,68,M,Married,High,,,,,29,Online Banking,352,1397.36,199.62285714285713,7,4
11,0,54,M,Divorced,Medium,2.0,1.0,2022-10-28,1.0,30,Online Banking,343,1733.83,346.76599999999996,5,2
12,0,41,F,Married,Low,2.0,1.0,2022-11-29,1.0,43,Website,0,87.1,87.1,1,1
13,0,24,F,Divorced,Low,1.0,1.0,2022-07-27,0.0,10,Mobile App,179,392.02,130.67333333333332,3,3
14,0,42,M,Widowed,Medium,2.0,1.0,2022-07-29,1.0,26,Online Banking,355,2843.59,315.95444444444445,9,4
15,0,42,M,Divorced,Medium,2.0,0.0,2022-10-18,2.0,44,Online Banking,199,1914.02,239.2525,8,5
16,1,30,F,Single,Medium,2.0,2.0,2022-09-08,0.0,41,Online Banking,291,2019.79,224.42111111111112,9,4
17,0,19,M,Married,Low,2.0,1.0,2022-05-11,1.0,8,Online Banking,119,1625.27,232.18142857142857,7,5
18,1,56,F,Married,High,1.0,0.0,2022-11-08,1.0,37,Website,37,951.3800000000001,190.276,5,3
19,0,57,F,Divorced,High,2.0,0.0,2022-11-28,2.0,39,Online Banking,298,1017.26,203.452,5,3
20,0,41,M,Single,Low,1.0,1.0,2022-07-19,0.0,16,Website,138,2775.85,308.42777777777775,9,5
21,0,64,M,Divorced,High,,,,,18,Website,198,913.02,182.60399999999998,5,2
22,0,42,F,Divorced,Low,2.0,2.0,2022-08-06,0.0,42,Mobile App,239,1582.73,263.78833333333336,6,4
23,0,35,F,Divorced,Low,2.0,1.0,2022-03-18,1.0,19,Mobile App,177,1490.74,372.685,4,2
24,0,55,M,Widowed,Medium,1.0,1.0,2022-11-02,0.0,12,Mobile App,88,1143.22,228.644,5,4
25,0,43,F,Married,Low,1.0,1.0,2022-12-06,0.0,27,Mobile App,319,764.77,254.92333333333332,3,2
26,1,31,M,Single,Medium,1.0,1.0,2022-12-12,0.0,45,Mobile App,93,571.76,190.58666666666667,3,3
27,0,26,M,Widowed,Medium,1.0,0.0,2022-06-13,1.0,22,Mobile App,91,2210.6,276.325,8,5
28,0,27,F,Widowed,High,2.0,0.0,2022-12-01,2.0,42,Online Banking,66,1702.26,283.71,6,3
29,0,38,F,Divorced,Medium,2.0,1.0,2022-09-13,1.0,34,Website,120,853.0699999999999,284.3566666666666,3,2
30,0,69,M,Divorced,High,2.0,1.0,2022-10-16,1.0,38,Website,172,706.66,353.33,2,2
31,0,34,M,Divorced,Low,2.0,2.0,2022-06-18,0.0,23,Online Banking,136,1108.56,221.712,5,3
32,0,69,F,Married,High,,,,,48,Mobile App,359,1225.52,245.10399999999998,5,4
33,1,23,M,Divorced,High,1.0,1.0,2022-05-30,0.0,24,Mobile App,226,689.0,344.5,2,2
34,0,33,M,Widowed,High,2.0,1.0,2022-07-02,1.0,44,Online Banking,272,1886.4,209.60000000000002,9,4
35,0,65,M,Married,Low,1.0,0.0,2022-07-07,1.0,19,Mobile App,222,779.8399999999999,259.94666666666666,3,3
36,0,18,F,Widowed,Low,1.0,1.0,2022-10-28,0.0,6,Online Banking,323,1321.5500000000002,220.25833333333335,6,4
37,0,36,F,Married,Medium,1.0,1.0,2022-03-20,0.0,3,Online Banking,125,3166.88,351.8755555555556,9,4
38,0,53,F,Married,Low,1.0,1.0,2022-03-25,0.0,47,Online Banking,34,874.86,291.62,3,2
39,0,42,M,Married,Medium,,,,,26,Online Banking,345,1191.94,238.388,5,3
40,0,67,F,Widowed,Low,1.0,1.0,2022-11-23,0.0,20,Website,78,1578.3500000000001,225.47857142857146,7,3
41,1,69,F,Married,High,1.0,0.0,2022-02-26,1.0,38,Mobile App,180,363.22,181.61,2,2
42,0,47,M,Widowed,Medium,,,,,10,Mobile App,167,530.61,176.87,3,2
43,0,37,M,Single,Low,2.0,1.0,2022-11-16,1.0,25,Mobile App,220,2213.63,316.23285714285714,7,4
44,0,37,F,Widowed,Low,1.0,0.0,2022-04-18,1.0,35,Mobile App,48,687.8199999999999,229.2733333333333,3,2
45,0,32,F,Widowed,Low,1.0,0.0,2022-06-25,1.0,49,Online Banking,120,300.42,300.42,1,1
46,1,57,F,Married,High,,,,,24,Online Banking,153,134.67,134.67,1,1
47,0,50,F,Married,Medium,,,,,21,Website,256,1466.37,209.48142857142855,7,5
48,0,19,M,Divorced,Medium,,,,,34,Website,202,1597.29,228.18428571428572,7,5
49,0,27,F,Single,Medium,,,,,18,Online Banking,315,641.48,213.82666666666668,3,3
50,0,50,F,Single,Low,2.0,0.0,2022-11-03,2.0,19,Online Banking,169,1514.62,378.655,4,3
51,1,49,M,Divorced,Medium,,,,,3,Mobile App,61,549.86,183.28666666666666,3,3
52,0,28,M,Widowed,Medium,,,,,6,Mobile App,318,401.25,401.25,1,1
53,0,41,F,Widowed,Low,,,,,20,Mobile App,90,1255.34,179.3342857142857,7,4
54,0,53,F,Married,Low,2.0,2.0,2022-11-21,0.0,22,Online Banking,345,461.21000000000004,230.60500000000002,2,2
55,0,29,F,Single,Low,,,,,33,Website,135,1129.35,225.86999999999998,5,3
56,0,68,F,Married,Low,,,,,14,Mobile App,133,1443.46,288.692,5,4
57,0,46,F,Divorced,High,1.0,0.0,2022-12-07,1.0,44,Online Banking,164,597.75,199.25,3,3
58,0,52,M,Single,High,2.0,0.0,2022-07-17,2.0,9,Online Banking,258,2215.82,369.30333333333334,6,4
59,0,18,M,Married,Medium,,,,,45,Online Banking,20,292.51,97.50333333333333,3,2
60,0,18,F,Single,High,2.0,1.0,2022-06-08,1.0,25,Mobile App,304,781.09,195.2725,4,4
61,1,54,M,Single,Low,1.0,1.0,2022-04-10,0.0,47,Website,4,678.97,226.32333333333335,3,2
62,0,23,F,Married,High,2.0,2.0,2022-12-27,0.0,16,Mobile App,126,840.0,210.0,4,4
63,0,56,M,Married,Low,,,,,7,Mobile App,219,2205.11,245.01222222222225,9,5
64,0,58,F,Single,High,,,,,11,Online Banking,211,965.21,321.7366666666667,3,3
65,0,35,F,Divorced,Low,,,,,27,Mobile App,97,1359.8899999999999,271.97799999999995,5,3
66,0,33,M,Widowed,Medium,,,,,40,Online Banking,136,1409.11,176.13875,8,4
67,0,22,F,Single,Medium,2.0,2.0,2022-05-21,0.0,17,Online Banking,161,701.76,175.44,4,2
68,1,59,F,Divorced,High,2.0,0.0,2022-06-06,2.0,5,Website,159,886.4799999999999,221.61999999999998,4,4
69,0,60,F,Single,Low,1.0,1.0,2022-10-05,0.0,29,Mobile App,48,1038.53,259.6325,4,3
70,0,49,F,Married,Medium,,,,,10,Mobile App,291,2453.98,350.56857142857143,7,4
71,1,19,F,Divorced,Low,2.0,1.0,2022-04-13,1.0,47,Online Banking,136,474.59000000000003,158.1966666666667,3,2
72,1,19,F,Divorced,High,2.0,1.0,2022-01-08,1.0,25,Online Banking,250,1080.4,180.0666666666667,6,3
73,1,57,M,Single,Low,1.0,1.0,2022-08-15,0.0,24,Online Banking,65,2254.22,250.46888888888887,9,3
74,0,59,M,Widowed,Low,1.0,1.0,2022-03-02,0.0,44,Mobile App,315,2083.79,260.47375,8,5
75,1,53,F,Single,High,1.0,1.0,2022-08-21,0.0,12,Mobile App,197,769.97,192.4925,4,4
76,1,56,F,Widowed,Medium,2.0,1.0,2022-11-18,1.0,5,Website,236,883.92,220.98,4,2
77,0,29,M,Divorced,High,,,,,29,Online Banking,77,1797.06,224.6325,8,3
78,0,64,M,Widowed,Low,1.0,0.0,2022-11-23,1.0,35,Mobile App,85,816.89,272.2966666666667,3,2
79,1,36,M,Married,High,1.0,1.0,2022-01-28,0.0,23,Online Banking,255,931.3199999999999,310.44,3,2
80,0,45,M,Widowed,High,,,,,32,Mobile App,205,110.82,110.82,1,1
81,1,18,F,Widowed,Low,,,,,40,Website,28,2181.77,272.72125,8,4
82,0,32,F,Divorced,High,,,,,19,Mobile App,237,232.38,232.38,1,1
83,0,53,M,Widowed,Medium,2.0,0.0,2022-04-22,2.0,25,Mobile App,0,1419.9199999999998,236.6533333333333,6,4
84,0,30,M,Divorced,Medium,,,,,45,Online Banking,31,1545.91,309.182,5,4
85,0,60,M,Married,High,,,,,37,Mobile App,145,1690.08,187.78666666666666,9,4
86,0,38,M,Married,Low,,,,,1,Website,74,1674.6599999999999,239.23714285714283,7,3
87,0,29,F,Single,High,2.0,1.0,2022-12-10,1.0,43,Website,39,1411.84,282.368,5,4
88,0,22,M,Single,High,,,,,13,Online Banking,326,447.34000000000003,223.67000000000002,2,2
89,0,24,M,Single,Medium,,,,,12,Mobile App,116,1951.99,278.85571428571427,7,4
90,0,22,M,Married,Medium,1.0,1.0,2022-09-04,0.0,47,Online Banking,215,1229.96,204.99333333333334,6,4
91,0,65,F,Widowed,Low,2.0,1.0,2022-05-24,1.0,43,Mobile App,331,1804.74,200.52666666666667,9,5
92,0,21,F,Divorced,Low,2.0,1.0,2022-10-06,1.0,37,Mobile App,183,2265.28,283.16,8,5
93,0,30,F,Married,Low,2.0,2.0,2022-10-07,0.0,42,Mobile App,76,848.07,169.614,5,3
94,0,54,M,Widowed,High,,,,,41,Website,187,1113.6100000000001,371.2033333333334,3,2
95,0,58,F,Single,High,1.0,1.0,2022-07-30,0.0,12,Online Banking,194,677.27,225.75666666666666,3,3
96,0,32,F,Divorced,High,2.0,0.0,2022-02-20,2.0,36,Mobile App,307,161.84,161.84,1,1
97,0,33,M,Single,High,2.0,2.0,2022-08-11,0.0,38,Website,11,553.65,276.825,2,1
98,0,38,F,Divorced,Low,1.0,1.0,2022-11-28,0.0,9,Mobile App,222,893.76,178.752,5,4
99,0,53,M,Widowed,Low,,,,,14,Online Banking,324,889.75,177.95,5,4
100,1,41,F,Married,Low,2.0,2.0,2022-12-01,0.0,45,Online Banking,212,1108.56,277.14,4,2
101,0,33,F,Single,High,2.0,1.0,2022-10-21,1.0,35,Online Banking,350,492.35,492.35,1,1
102,0,31,M,Married,High,2.0,1.0,2022-10-30,1.0,32,Online Banking,351,2029.96,338.32666666666665,6,4
103,0,39,M,Widowed,Low,2.0,2.0,2022-12-25,0.0,46,Mobile App,248,2297.73,255.30333333333334,9,4
104,1,66,F,Widowed,Medium,2.0,1.0,2022-04-22,1.0,3,Online Banking,283,2666.84,296.3155555555556,9,4
105,0,67,F,Widowed,Low,2.0,0.0,2022-10-16,2.0,30,Website,7,1863.6,232.95,8,3
106,0,23,M,Married,High,2.0,1.0,2022-05-21,1.0,49,Mobile App,164,875.08,291.6933333333333,3,3
107,1,59,F,Married,High,,,,,7,Online Banking,338,1542.76,257.12666666666667,6,4
108,1,53,M,Divorced,Low,2.0,0.0,2022-11-13,2.0,1,Mobile App,282,494.30999999999995,247.15499999999997,2,2
109,0,18,M,Married,Medium,2.0,0.0,2022-12-11,2.0,20,Mobile App,247,1274.7,212.45000000000002,6,5
110,1,49,M,Married,Medium,2.0,2.0,2022-12-05,0.0,25,Website,82,723.0,241.0,3,3
111,1,23,F,Widowed,High,1.0,0.0,2022-03-05,1.0,33,Website,197,613.1800000000001,306.59000000000003,2,2
112,0,48,F,Divorced,High,1.0,1.0,2022-03-09,0.0,35,Website,76,750.17,250.05666666666664,3,3
113,0,18,F,Married,High,1.0,0.0,2022-08-16,1.0,44,Online Banking,263,1834.01,262.00142857142856,7,4
114,0,67,F,Married,Low,,,,,24,Website,151,2133.28,266.66,8,5
115,0,68,F,Widowed,High,,,,,14,Mobile App,101,653.62,130.724,5,4
116,0,54,M,Married,High,1.0,1.0,2022-05-26,0.0,39,Mobile App,133,1504.28,214.89714285714285,7,3
117,0,52,F,Widowed,High,,,,,44,Online Banking,6,448.48,224.24,2,2
118,0,66,M,Divorced,Medium,1.0,0.0,2022-02-02,1.0,34,Online Banking,91,1625.39,270.89833333333337,6,4
119,1,47,M,Widowed,Medium,2.0,2.0,2022-02-26,0.0,18,Mobile App,277,2012.3300000000002,251.54125000000002,8,5
120,0,21,F,Widowed,High,2.0,1.0,2022-11-07,1.0,2,Online Banking,311,1168.79,194.79833333333332,6,3
121,0,52,M,Divorced,Medium,2.0,1.0,2022-12-06,1.0,38,Mobile App,113,1073.01,214.602,5,4
122,1,60,F,Single,Medium,1.0,1.0,2022-04-01,0.0,17,Mobile App,200,2825.52,313.94666666666666,9,5
123,1,31,M,Widowed,Medium,2.0,2.0,2022-11-11,0.0,23,Mobile App,291,938.58,312.86,3,2
124,0,66,M,Married,Medium,2.0,2.0,2022-12-25,0.0,33,Website,315,2283.88,326.2685714285714,7,4
125,0,57,M,Widowed,Low,,,,,28,Online Banking,193,744.89,372.445,2,2
126,0,39,F,Divorced,Medium,,,,,15,Website,231,2323.02,258.11333333333334,9,4
127,0,27,F,Married,Medium,1.0,1.0,2022-04-28,0.0,11,Website,347,1976.17,247.02125,8,4
128,1,18,F,Divorced,Medium,2.0,1.0,2022-08-17,1.0,23,Website,177,630.2,315.1,2,2
129,0,28,F,Widowed,Medium,1.0,1.0,2022-05-10,0.0,13,Website,285,243.55,121.775,2,2
130,0,68,M,Divorced,Low,1.0,0.0,2022-09-06,1.0,47,Mobile App,309,552.23,276.115,2,1
131,0,61,F,Divorced,Low,1.0,1.0,2022-12-03,0.0,11,Website,98,2726.7,340.8375,8,5
132,0,41,F,Single,High,,,,,36,Website,199,1879.94,208.88222222222223,9,5
133,0,20,M,Widowed,Medium,1.0,1.0,2022-08-12,0.0,38,Mobile App,262,896.27,224.0675,4,2
134,0,52,M,Widowed,Medium,1.0,0.0,2022-04-26,1.0,27,Mobile App,360,1570.08,261.68,6,4
135,0,53,F,Widowed,High,,,,,18,Mobile App,195,441.75,220.875,2,2
136,0,48,M,Widowed,Low,,,,,40,Mobile App,54,419.86,209.93,2,2
137,1,21,F,Married,High,,,,,38,Online Banking,195,431.47,431.47,1,1
138,0,36,M,Divorced,Low,1.0,0.0,2022-02-28,1.0,34,Online Banking,286,2804.65,350.58125,8,4
139,0,64,F,Widowed,High,2.0,1.0,2022-07-18,1.0,22,Website,211,2045.49,292.21285714285716,7,2
140,0,53,M,Married,High,1.0,1.0,2022-04-27,0.0,18,Mobile App,71,1024.23,341.41,3,2
141,0,38,F,Widowed,Medium,2.0,2.0,2022-05-23,0.0,41,Online Banking,186,2483.75,354.82142857142856,7,4
142,0,35,M,Divorced,High,1.0,0.0,2022-03-04,1.0,18,Mobile App,248,1391.99,278.398,5,3
143,0,68,F,Widowed,Low,1.0,1.0,2022-12-07,0.0,13,Website,6,343.27,171.635,2,1
144,1,45,F,Married,Low,1.0,1.0,2022-07-15,0.0,39,Online Banking,316,419.85,419.85,1,1
145,0,32,F,Married,High,2.0,0.0,2022-10-27,2.0,16,Online Banking,81,1768.7,353.74,5,2
146,0,59,F,Divorced,Low,,,,,8,Mobile App,19,1373.73,274.746,5,4
147,0,19,F,Widowed,High,2.0,1.0,2022-11-19,1.0,34,Mobile App,120,2260.34,282.5425,8,4
148,0,54,F,Married,Medium,2.0,1.0,2022-06-12,1.0,29,Website,297,13.04,13.04,1,1
149,0,28,M,Single,Medium,1.0,1.0,2022-03-15,0.0,6,Online Banking,317,444.84,444.84,1,1
150,0,40,F,Widowed,Medium,,,,,38,Mobile App,185,1193.26,149.1575,8,5
151,0,61,M,Single,Medium,2.0,1.0,2022-11-21,1.0,36,Mobile App,212,334.2,334.2,1,1
152,0,58,F,Married,High,,,,,48,Mobile App,92,1448.8,206.97142857142856,7,3
153,0,29,M,Married,Low,1.0,0.0,2022-08-04,1.0,42,Online Banking,339,1735.16,347.03200000000004,5,4
154,0,20,F,Divorced,High,,,,,26,Mobile App,256,1753.55,250.50714285714284,7,3
155,0,69,M,Divorced,Low,2.0,2.0,2022-11-24,0.0,18,Website,267,1883.08,235.385,8,4
156,0,34,F,Widowed,High,,,,,11,Mobile App,184,702.9200000000001,100.41714285714286,7,4
157,0,50,M,Married,Low,,,,,27,Mobile App,201,2412.6800000000003,344.66857142857145,7,4
158,0,18,F,Married,Low,,,,,30,Online Banking,89,1471.29,210.18428571428572,7,5
159,0,56,M,Married,High,2.0,0.0,2022-04-12,2.0,18,Website,234,25.75,25.75,1,1
160,1,37,M,Married,Medium,2.0,1.0,2022-07-19,1.0,43,Online Banking,243,2053.13,256.64125,8,4
161,0,64,M,Single,High,1.0,0.0,2022-06-26,1.0,4,Mobile App,160,1983.84,330.64,6,4
162,0,60,F,Married,Medium,2.0,1.0,2022-11-27,1.0,6,Mobile App,203,425.88,141.96,3,3
163,0,69,M,Divorced,High,2.0,1.0,2022-10-15,1.0,22,Mobile App,352,1064.88,354.96000000000004,3,3
164,1,58,F,Widowed,Low,1.0,1.0,2022-12-06,0.0,2,Website,36,955.49,191.098,5,3
165,0,31,F,Widowed,Medium,,,,,47,Mobile App,305,181.34,181.34,1,1
166,0,48,F,Widowed,Low,1.0,1.0,2022-11-12,0.0,48,Online Banking,150,1241.5,248.3,5,3
167,0,42,F,Single,Low,1.0,1.0,2022-12-04,0.0,40,Website,303,2356.35,294.54375,8,5
168,1,20,M,Married,Low,2.0,1.0,2022-09-16,1.0,32,Website,124,1126.93,281.7325,4,3
169,0,21,F,Widowed,High,1.0,0.0,2022-07-09,1.0,39,Mobile App,196,2164.75,240.52777777777777,9,4
170,1,48,M,Divorced,Low,1.0,0.0,2022-01-05,1.0,21,Website,80,1448.33,206.9042857142857,7,4
171,0,52,F,Single,High,1.0,1.0,2022-09-16,0.0,8,Mobile App,241,2532.71,361.8157142857143,7,5
172,0,61,M,Married,Medium,2.0,1.0,2022-07-01,1.0,25,Website,19,1972.76,328.79333333333335,6,3
173,0,31,F,Married,Low,1.0,1.0,2022-11-14,0.0,41,Mobile App,70,606.09,202.03,3,2
174,1,66,F,Married,Medium,1.0,0.0,2022-03-30,1.0,36,Mobile App,297,1801.46,257.3514285714286,7,4
175,0,58,M,Married,Medium,2.0,1.0,2022-03-20,1.0,4,Website,34,1218.9,174.12857142857143,7,4
176,1,26,F,Single,High,,,,,15,Website,99,936.78,156.13,6,4
177,0,37,F,Divorced,Medium,1.0,0.0,2022-02-09,1.0,28,Website,301,429.79,429.79,1,1
178,0,49,F,Married,High,,,,,20,Website,239,741.63,247.21,3,2
179,0,26,F,Single,High,,,,,38,Website,116,412.58000000000004,206.29000000000002,2,2
180,0,44,F,Single,Medium,,,,,6,Online Banking,335,1985.93,283.70428571428573,7,4
181,0,20,F,Divorced,Medium,,,,,30,Mobile App,253,715.6800000000001,357.84000000000003,2,1
182,0,21,F,Single,Medium,2.0,2.0,2022-11-25,0.0,32,Online Banking,202,1491.65,298.33000000000004,5,4
183,1,62,F,Single,High,1.0,1.0,2022-02-03,0.0,49,Online Banking,254,1135.44,378.48,3,1
184,0,32,M,Widowed,High,,,,,41,Online Banking,261,97.19,48.595,2,2
185,0,50,F,Widowed,Medium,2.0,2.0,2022-10-22,0.0,4,Online Banking,69,1284.89,214.14833333333334,6,4
186,0,22,M,Divorced,High,,,,,35,Mobile App,74,460.87,153.62333333333333,3,2
187,0,21,F,Widowed,Medium,2.0,2.0,2022-11-17,0.0,30,Mobile App,356,513.26,256.63,2,2
188,0,63,M,Single,High,2.0,1.0,2022-09-13,1.0,49,Mobile App,277,1768.25,294.7083333333333,6,5
189,0,29,M,Single,High,2.0,1.0,2022-09-03,1.0,41,Mobile App,193,574.4699999999999,191.48999999999998,3,3
190,1,40,M,Divorced,Low,1.0,0.0,2022-06-08,1.0,22,Website,274,1417.97,202.56714285714287,7,3
191,0,31,F,Single,Low,2.0,1.0,2022-03-29,1.0,2,Website,319,1942.65,277.5214285714286,7,5
192,0,63,F,Divorced,Medium,2.0,1.0,2022-11-26,1.0,12,Website,177,1172.53,390.8433333333333,3,2
193,0,29,M,Widowed,Low,2.0,1.0,2022-10-16,1.0,34,Website,234,270.34,270.34,1,1
194,0,34,F,Widowed,High,,,,,34,Website,69,1388.97,277.794,5,3
195,0,42,F,Married,Medium,2.0,1.0,2022-09-16,1.0,14,Website,299,1711.71,285.285,6,3
196,0,47,M,Widowed,Low,2.0,0.0,2022-04-27,2.0,39,Website,343,2134.16,266.77,8,5
197,1,39,F,Married,Medium,2.0,1.0,2022-07-15,1.0,39,Online Banking,290,925.4300000000001,231.35750000000002,4,3
198,0,64,M,Married,Medium,,,,,45,Online Banking,193,1461.25,208.75,7,4
199,0,43,M,Married,High,2.0,1.0,2022-11-16,1.0,6,Website,357,1270.25,211.70833333333334,6,3
200,0,34,F,Single,Low,2.0,2.0,2022-11-16,0.0,8,Online Banking,324,1702.06,283.6766666666667,6,3
201,1,37,M,Married,High,2.0,1.0,2022-08-21,1.0,27,Online Banking,139,956.5799999999999,318.85999999999996,3,3
202,0,51,F,Widowed,Medium,2.0,2.0,2022-09-14,0.0,12,Mobile App,299,336.18,336.18,1,1
203,0,58,F,Divorced,Medium,2.0,2.0,2022-08-28,0.0,21,Website,259,1767.9,294.65000000000003,6,4
204,0,50,F,Widowed,Medium,2.0,1.0,2022-07-07,1.0,38,Online Banking,237,454.14,227.07,2,2
205,0,54,F,Divorced,Low,,,,,4,Mobile App,338,741.9699999999999,185.49249999999998,4,3
206,0,24,M,Widowed,High,,,,,25,Mobile App,34,99.58,99.58,1,1
207,0,39,F,Divorced,High,,,,,43,Website,278,1799.17,224.89625,8,4
208,0,49,F,Widowed,Low,,,,,24,Online Banking,211,436.89,218.445,2,1
209,0,31,F,Divorced,High,,,,,12,Mobile App,80,1328.06,332.015,4,4
210,0,25,M,Married,High,,,,,29,Online Banking,160,1727.27,246.75285714285715,7,4
211,0,42,M,Divorced,Medium,,,,,35,Online Banking,303,1222.21,203.70166666666668,6,3
212,0,33,F,Married,Medium,1.0,1.0,2022-11-01,0.0,37,Website,200,1047.61,149.6585714285714,7,5
213,1,59,F,Widowed,Medium,1.0,1.0,2022-01-13,0.0,30,Website,311,2092.89,298.9842857142857,7,3
214,0,36,F,Divorced,Low,,,,,41,Online Banking,59,734.1,367.05,2,2
215,0,58,F,Divorced,Medium,2.0,0.0,2022-11-24,2.0,42,Online Banking,54,1343.7,223.95000000000002,6,4
216,0,33,F,Widowed,High,2.0,2.0,2022-12-13,0.0,35,Mobile App,116,1570.8600000000001,314.172,5,3
217,1,29,M,Married,Low,1.0,0.0,2022-04-03,1.0,1,Online Banking,139,2576.78,322.0975,8,4
218,0,56,F,Married,High,,,,,40,Mobile App,202,1766.57,252.36714285714285,7,4
219,0,65,M,Single,Low,,,,,26,Online Banking,166,1624.32,406.08,4,3
220,0,47,M,Single,High,,,,,35,Online Banking,49,1030.46,343.4866666666667,3,2
221,1,19,F,Single,Low,1.0,1.0,2022-05-21,0.0,42,Mobile App,198,1277.29,319.3225,4,3
222,0,49,M,Divorced,High,,,,,7,Website,211,1702.45,243.20714285714286,7,4
223,0,62,F,Divorced,Medium,1.0,1.0,2022-08-21,0.0,4,Online Banking,162,1736.26,289.37666666666667,6,3
224,0,42,M,Divorced,Low,,,,,5,Website,229,2520.32,315.04,8,5
225,0,42,M,Widowed,High,2.0,1.0,2022-05-11,1.0,39,Online Banking,169,2650.29,331.28625,8,3
226,0,21,F,Single,High,1.0,0.0,2022-01-21,1.0,11,Mobile App,296,1461.18,208.74,7,4
227,1,36,M,Widowed,High,,,,,15,Online Banking,53,1250.35,178.62142857142857,7,5
228,0,65,F,Single,High,2.0,1.0,2022-08-04,1.0,32,Website,76,2185.36,364.2266666666667,6,4
229,0,21,F,Single,Medium,1.0,0.0,2022-08-12,1.0,37,Website,8,2559.03,284.3366666666667,9,4
230,1,60,F,Divorced,Medium,2.0,1.0,2022-09-09,1.0,9,Online Banking,118,1468.07,244.6783333333333,6,3
231,1,30,F,Married,Low,,,,,47,Online Banking,314,1353.42,338.355,4,3
232,0,56,F,Single,Low,2.0,0.0,2022-11-24,2.0,32,Online Banking,114,2082.19,260.27375,8,4
233,0,53,F,Married,High,2.0,2.0,2022-10-09,0.0,33,Website,104,817.4200000000001,272.47333333333336,3,3
234,1,40,M,Widowed,Low,,,,,23,Online Banking,195,1576.7,197.0875,8,5
235,0,23,M,Divorced,High,2.0,0.0,2022-07-11,2.0,15,Mobile App,3,770.5,256.8333333333333,3,1
236,1,41,F,Single,Low,2.0,2.0,2022-07-08,0.0,30,Online Banking,97,1482.99,247.165,6,3
237,1,61,M,Divorced,Low,,,,,16,Online Banking,352,398.99,398.99,1,1
238,1,50,M,Widowed,High,1.0,0.0,2022-07-07,1.0,22,Mobile App,102,762.4399999999999,254.14666666666665,3,2
239,1,29,F,Married,Medium,1.0,0.0,2022-11-05,1.0,43,Mobile App,83,2654.84,294.9822222222222,9,3
240,0,58,M,Divorced,High,1.0,1.0,2022-03-24,0.0,30,Online Banking,157,859.47,429.735,2,1
241,0,38,F,Divorced,Medium,1.0,1.0,2022-05-29,0.0,1,Mobile App,12,2185.9300000000003,242.88111111111115,9,4
242,1,28,F,Single,Low,2.0,1.0,2022-09-24,1.0,35,Online Banking,318,726.73,242.24333333333334,3,3
243,0,61,M,Married,Medium,1.0,0.0,2022-12-18,1.0,18,Website,22,2362.18,262.46444444444444,9,4
244,0,55,F,Widowed,High,2.0,0.0,2022-09-10,2.0,15,Online Banking,193,1649.9,235.70000000000002,7,4
245,0,46,F,Single,Low,,,,,21,Online Banking,227,2965.09,329.45444444444445,9,5
246,0,65,F,Divorced,Medium,1.0,1.0,2022-09-30,0.0,40,Mobile App,282,1171.1399999999999,292.78499999999997,4,3
247,0,58,F,Divorced,Medium,2.0,2.0,2022-10-23,0.0,2,Online Banking,7,1887.6799999999998,269.6685714285714,7,3
248,1,20,M,Married,High,1.0,0.0,2022-06-26,1.0,30,Online Banking,127,1519.1399999999999,303.828,5,4
249,0,45,F,Widowed,Low,1.0,0.0,2022-01-13,1.0,40,Website,328,356.39,356.39,1,1
250,0,37,M,Widowed,Low,1.0,1.0,2022-04-15,0.0,32,Website,356,1607.36,229.62285714285713,7,5
251,1,43,F,Divorced,Medium,1.0,1.0,2022-10-13,0.0,28,Website,282,1968.79,281.2557142857143,7,5
252,1,41,M,Widowed,Medium,,,,,11,Online Banking,142,980.71,245.1775,4,2
253,0,69,M,Single,Medium,1.0,1.0,2022-07-22,0.0,7,Online Banking,28,1319.11,263.822,5,4
254,1,64,F,Married,Low,2.0,1.0,2022-07-28,1.0,1,Mobile App,128,2220.26,246.6955555555556,9,5
255,0,38,M,Divorced,Medium,1.0,0.0,2022-04-16,1.0,43,Mobile App,197,2672.69,381.8128571428571,7,4
256,0,47,F,Widowed,Medium,2.0,1.0,2022-08-10,1.0,28,Mobile App,127,208.67,208.67,1,1
257,0,21,F,Widowed,Low,1.0,1.0,2022-12-24,0.0,39,Website,334,92.62,92.62,1,1
258,0,53,M,Single,Low,2.0,1.0,2022-11-08,1.0,19,Mobile App,197,832.85,208.2125,4,2
259,0,57,M,Widowed,High,1.0,1.0,2022-06-06,0.0,39,Online Banking,290,1469.67,244.94500000000002,6,4
260,1,27,M,Single,Low,1.0,1.0,2022-12-26,0.0,32,Website,129,2395.72,299.465,8,5
261,1,27,M,Married,Low,1.0,0.0,2022-05-30,1.0,49,Online Banking,216,489.07,489.07,1,1
262,1,59,F,Divorced,High,2.0,0.0,2022-04-18,2.0,30,Website,330,2940.59,326.7322222222222,9,5
263,0,41,M,Single,Low,2.0,2.0,2022-07-07,0.0,2,Website,3,13.04,13.04,1,1
264,0,21,F,Widowed,High,1.0,1.0,2022-03-05,0.0,44,Online Banking,298,525.02,262.51,2,2
265,0,64,M,Widowed,Low,,,,,43,Online Banking,269,1511.8700000000001,302.374,5,4
266,0,44,M,Married,High,1.0,1.0,2022-12-02,0.0,37,Online Banking,358,459.39,459.39,1,1
267,0,68,F,Single,Medium,1.0,0.0,2022-10-04,1.0,19,Online Banking,37,461.36,153.78666666666666,3,3
268,0,62,M,Divorced,Medium,,,,,26,Mobile App,12,1096.16,219.23200000000003,5,3
269,0,21,F,Widowed,Medium,2.0,1.0,2022-05-19,1.0,1,Mobile App,198,2123.87,235.98555555555555,9,4
270,0,49,M,Single,High,1.0,0.0,2022-03-16,1.0,42,Mobile App,263,734.74,244.91333333333333,3,2
271,1,27,M,Widowed,Medium,,,,,28,Online Banking,64,865.97,288.6566666666667,3,3
272,1,28,F,Divorced,Low,2.0,0.0,2022-12-18,2.0,26,Online Banking,168,1170.04,146.255,8,4
273,0,45,F,Single,High,,,,,40,Mobile App,123,1562.83,223.26142857142855,7,3
274,0,63,F,Widowed,Low,1.0,0.0,2022-06-08,1.0,35,Online Banking,341,1117.33,279.3325,4,4
275,0,25,F,Divorced,Low,2.0,1.0,2022-05-30,1.0,3,Website,199,605.79,201.92999999999998,3,2
276,1,57,F,Single,Low,,,,,26,Online Banking,212,2069.7,295.6714285714285,7,4
277,0,39,F,Single,High,,,,,33,Mobile App,178,1217.78,202.96333333333334,6,4
278,0,51,F,Married,Low,1.0,0.0,2022-08-06,1.0,22,Online Banking,312,1423.1,284.62,5,4
279,0,62,M,Divorced,Medium,1.0,1.0,2022-04-13,0.0,6,Mobile App,263,1209.94,302.485,4,3
280,0,52,F,Single,High,2.0,1.0,2022-06-11,1.0,42,Online Banking,42,836.33,209.0825,4,3
281,0,52,M,Married,Medium,1.0,1.0,2022-07-23,0.0,34,Online Banking,16,1563.95,195.49375,8,5
282,1,42,M,Single,High,1.0,1.0,2022-10-25,0.0,3,Online Banking,162,2016.68,403.336,5,4
283,1,51,F,Widowed,Low,,,,,17,Online Banking,102,1362.8600000000001,272.572,5,2
284,0,23,M,Married,Medium,,,,,6,Mobile App,230,1683.1299999999999,280.52166666666665,6,4
285,0,58,M,Single,High,,,,,42,Mobile App,122,1026.5900000000001,205.31800000000004,5,4
286,1,54,F,Widowed,Low,2.0,1.0,2022-10-16,1.0,5,Website,272,512.1899999999999,256.09499999999997,2,2
287,0,18,M,Widowed,Low,2.0,1.0,2022-12-04,1.0,20,Website,204,615.0699999999999,307.53499999999997,2,2
288,0,29,F,Widowed,High,2.0,0.0,2022-11-17,2.0,1,Website,285,2217.85,277.23125,8,5
289,0,52,M,Married,High,,,,,24,Mobile App,47,30.48,30.48,1,1
290,0,23,M,Widowed,High,1.0,0.0,2022-12-21,1.0,9,Mobile App,107,403.33,403.33,1,1
291,0,34,F,Divorced,High,2.0,0.0,2022-08-18,2.0,15,Website,96,1572.74,262.12333333333333,6,4
292,0,26,M,Single,Medium,2.0,1.0,2022-04-27,1.0,37,Website,25,2429.7,303.7125,8,5
293,0,19,M,Divorced,High,,,,,18,Mobile App,339,209.68,209.68,1,1
294,0,35,F,Widowed,Low,1.0,1.0,2022-09-08,0.0,22,Online Banking,287,1882.08,313.68,6,3
295,0,66,F,Widowed,Medium,,,,,11,Website,297,960.99,320.33,3,2
296,0,53,M,Divorced,Low,1.0,0.0,2022-03-27,1.0,38,Mobile App,30,261.24,261.24,1,1
297,0,45,M,Married,Low,,,,,3,Mobile App,86,1714.0900000000001,214.26125000000002,8,5
298,0,58,F,Widowed,High,1.0,0.0,2022-11-07,1.0,29,Website,130,1305.25,217.54166666666666,6,4
299,0,54,M,Widowed,Medium,2.0,1.0,2022-06-03,1.0,46,Mobile App,57,9.8,9.8,1,1
300,0,66,F,Divorced,High,2.0,2.0,2022-11-03,0.0,32,Website,77,926.5300000000001,231.63250000000002,4,3
301,0,43,F,Widowed,Low,1.0,1.0,2022-09-30,0.0,34,Online Banking,90,1298.95,216.49166666666667,6,4
302,0,21,M,Widowed,High,2.0,2.0,2022-09-29,0.0,8,Website,316,925.58,231.395,4,3
303,0,57,F,Married,High,1.0,1.0,2022-08-23,0.0,34,Online Banking,225,948.96,316.32,3,2
304,0,53,F,Married,High,1.0,0.0,2022-12-08,1.0,5,Online Banking,247,695.73,231.91,3,3
305,0,68,M,Married,High,,,,,9,Mobile App,169,288.26,288.26,1,1
306,0,48,F,Married,High,,,,,17,Mobile App,242,2285.6,253.95555555555555,9,5
307,0,47,M,Married,High,1.0,1.0,2022-03-16,0.0,20,Mobile App,57,1416.68,354.17,4,3
308,0,67,M,Widowed,Medium,,,,,42,Mobile App,69,1791.69,255.9557142857143,7,4
309,0,51,M,Single,High,1.0,1.0,2022-12-28,0.0,27,Online Banking,259,1400.5,280.1,5,3
310,0,36,F,Widowed,Medium,,,,,5,Online Banking,179,1058.14,264.535,4,3
311,1,35,M,Widowed,High,2.0,2.0,2022-06-07,0.0,46,Mobile App,177,592.9,118.58,5,4
312,0,47,M,Single,Medium,2.0,0.0,2022-03-22,2.0,29,Website,191,283.16,141.58,2,2
313,0,38,M,Divorced,Low,,,,,11,Online Banking,195,34.91,34.91,1,1
314,0,20,M,Single,Medium,1.0,0.0,2022-08-03,1.0,26,Mobile App,285,536.29,268.145,2,2
315,1,23,F,Married,Medium,1.0,0.0,2022-01-17,1.0,23,Mobile App,83,601.31,300.655,2,2
316,0,55,F,Widowed,Low,,,,,18,Mobile App,337,649.71,81.21375,8,5
317,0,30,M,Married,High,2.0,0.0,2022-05-21,2.0,20,Website,212,467.83,155.94333333333333,3,3
318,0,62,F,Single,High,,,,,44,Website,111,2145.44,268.18,8,5
319,0,20,F,Divorced,Medium,,,,,21,Online Banking,294,477.46,477.46,1,1
320,0,65,F,Divorced,High,2.0,1.0,2022-02-28,1.0,26,Online Banking,323,823.75,411.875,2,2
321,0,45,M,Widowed,High,2.0,1.0,2022-11-27,1.0,32,Online Banking,62,2007.24,223.02666666666667,9,4
322,0,39,F,Single,Low,2.0,0.0,2022-10-21,2.0,1,Online Banking,41,61.98,61.98,1,1
323,1,57,F,Married,High,1.0,1.0,2022-05-07,0.0,2,Website,296,839.3,209.825,4,3
324,0,57,F,Married,High,2.0,0.0,2022-08-24,2.0,4,Mobile App,311,1369.7,228.28333333333333,6,4
325,0,29,F,Divorced,Medium,2.0,0.0,2022-11-23,2.0,41,Online Banking,92,553.79,276.895,2,2
326,0,40,F,Widowed,High,,,,,10,Website,280,605.89,201.96333333333334,3,2
327,0,48,M,Single,High,2.0,1.0,2022-12-30,1.0,28,Website,126,403.37,201.685,2,2
328,0,35,F,Married,Medium,,,,,49,Mobile App,258,848.26,169.652,5,3
329,0,24,F,Divorced,Medium,1.0,0.0,2022-06-23,1.0,37,Online Banking,140,2361.19,295.14875,8,4
330,0,25,M,Widowed,Medium,,,,,17,Mobile App,104,2582.54,286.94888888888886,9,5
331,0,36,M,Divorced,High,2.0,1.0,2022-11-22,1.0,30,Website,363,908.3199999999999,181.664,5,5
332,0,46,M,Widowed,High,,,,,6,Website,25,1577.44,315.488,5,2
333,0,61,M,Single,High,2.0,1.0,2022-12-18,1.0,11,Website,18,2439.39,348.4842857142857,7,4
334,0,37,F,Divorced,High,1.0,1.0,2022-06-10,0.0,11,Online Banking,347,1719.37,286.56166666666667,6,4
335,1,67,F,Married,High,2.0,2.0,2022-10-16,0.0,2,Mobile App,4,756.52,378.26,2,2
336,0,59,F,Widowed,High,,,,,20,Mobile App,340,135.94,135.94,1,1
337,0,47,F,Divorced,Medium,,,,,34,Website,127,608.06,304.03,2,1
338,0,64,F,Widowed,Medium,,,,,41,Mobile App,27,13.86,13.86,1,1
339,0,39,M,Divorced,High,1.0,1.0,2022-03-14,0.0,1,Website,252,682.9399999999999,170.73499999999999,4,3
340,0,27,F,Divorced,Low,1.0,0.0,2022-02-10,1.0,48,Mobile App,101,1147.08,191.17999999999998,6,4
341,0,43,M,Single,Medium,1.0,1.0,2022-05-26,0.0,27,Online Banking,179,1022.86,170.47666666666666,6,4
342,1,68,M,Married,High,1.0,1.0,2022-12-11,0.0,26,Online Banking,90,2295.76,327.96571428571434,7,2
343,0,50,M,Divorced,Medium,2.0,2.0,2022-12-27,0.0,26,Online Banking,158,924.63,308.21,3,3
344,0,45,F,Single,Low,2.0,1.0,2022-04-08,1.0,8,Mobile App,187,1466.6,244.4333333333333,6,3
345,0,27,F,Widowed,Medium,1.0,1.0,2022-08-04,0.0,29,Online Banking,114,1980.5,247.5625,8,4
346,0,46,M,Widowed,Medium,1.0,0.0,2022-01-08,1.0,17,Online Banking,358,1641.62,273.6033333333333,6,3
347,0,61,M,Divorced,Medium,2.0,1.0,2022-11-20,1.0,33,Mobile App,164,1974.45,219.38333333333333,9,5
348,0,35,M,Married,Medium,1.0,1.0,2022-03-10,0.0,1,Online Banking,31,704.7,352.35,2,2
349,0,59,M,Widowed,High,2.0,2.0,2022-06-13,0.0,24,Mobile App,133,1376.54,229.42333333333332,6,4
350,0,18,M,Divorced,Low,1.0,0.0,2022-06-09,1.0,25,Online Banking,252,2702.27,300.2522222222222,9,5
351,1,40,M,Widowed,High,1.0,0.0,2022-02-21,1.0,1,Mobile App,161,588.68,294.34,2,2
352,0,34,F,Single,Medium,2.0,1.0,2022-12-06,1.0,26,Website,120,1493.9,298.78000000000003,5,3
353,1,60,M,Divorced,Medium,2.0,1.0,2022-10-19,1.0,16,Online Banking,287,266.08,266.08,1,1
354,0,54,M,Divorced,Medium,1.0,0.0,2022-07-27,1.0,49,Online Banking,171,324.4,108.13333333333333,3,2
355,0,48,M,Divorced,Low,2.0,1.0,2022-10-28,1.0,33,Website,359,368.57,368.57,1,1
356,0,42,M,Single,Low,,,,,28,Mobile App,169,2316.37,289.54625,8,5
357,0,21,M,Divorced,High,2.0,1.0,2022-08-12,1.0,45,Online Banking,112,780.1800000000001,195.04500000000002,4,3
358,1,69,F,Divorced,Medium,1.0,0.0,2022-10-19,1.0,24,Mobile App,348,2282.8900000000003,253.6544444444445,9,5
359,0,26,M,Single,Low,1.0,1.0,2022-05-12,0.0,36,Website,242,2154.17,269.27125,8,5
360,0,45,F,Widowed,Medium,2.0,2.0,2022-10-25,0.0,14,Online Banking,280,1731.26,216.4075,8,4
361,0,47,M,Single,High,,,,,49,Mobile App,256,2348.41,260.9344444444444,9,3
362,1,64,M,Married,High,2.0,1.0,2022-06-02,1.0,5,Mobile App,139,469.14,234.57,2,2
363,0,41,F,Single,Low,1.0,1.0,2022-02-01,0.0,27,Online Banking,364,1514.16,168.24,9,4
364,0,50,M,Widowed,High,2.0,2.0,2022-05-25,0.0,14,Mobile App,125,286.8,286.8,1,1
365,1,37,F,Divorced,Low,1.0,1.0,2022-06-20,0.0,24,Online Banking,63,1188.8400000000001,148.60500000000002,8,4
366,0,26,F,Divorced,Medium,,,,,46,Website,349,2518.16,314.77,8,4
367,0,25,F,Single,Low,1.0,0.0,2022-05-03,1.0,28,Mobile App,106,2197.79,313.96999999999997,7,5
368,0,41,F,Married,High,,,,,8,Online Banking,348,1939.2,323.2,6,3
369,0,31,F,Single,Medium,1.0,0.0,2022-12-26,1.0,35,Website,327,3352.34,372.4822222222222,9,4
370,0,35,F,Married,High,2.0,1.0,2022-09-25,1.0,47,Online Banking,192,1239.81,206.635,6,4
371,0,18,M,Single,Medium,2.0,2.0,2022-12-21,0.0,35,Website,199,1454.45,290.89,5,4
372,0,29,F,Married,Medium,2.0,1.0,2022-11-16,1.0,23,Website,66,35.85,35.85,1,1
373,0,46,M,Married,Medium,1.0,0.0,2022-02-18,1.0,13,Online Banking,235,267.09,133.545,2,2
374,0,54,M,Divorced,Medium,,,,,47,Online Banking,6,2143.59,238.17666666666668,9,4
375,0,43,F,Married,High,1.0,0.0,2022-05-01,1.0,17,Website,122,133.2,133.2,1,1
376,0,50,F,Divorced,Low,1.0,1.0,2022-06-05,0.0,31,Website,306,1143.8,285.95,4,4
377,0,60,F,Single,Medium,2.0,1.0,2022-05-27,1.0,10,Online Banking,234,2366.3,295.7875,8,4
378,0,32,M,Single,High,2.0,1.0,2022-09-07,1.0,36,Website,131,1333.6,333.4,4,3
379,0,40,F,Single,High,1.0,1.0,2022-10-07,0.0,29,Online Banking,160,1582.08,197.76,8,4
380,0,46,F,Single,High,,,,,16,Mobile App,204,1172.66,195.44333333333336,6,4
381,1,38,M,Single,Low,1.0,1.0,2022-02-22,0.0,33,Website,166,1087.62,271.905,4,3
382,0,36,F,Divorced,High,1.0,1.0,2022-11-17,0.0,14,Mobile App,305,2467.11,274.12333333333333,9,4
383,0,22,M,Single,High,2.0,1.0,2022-04-27,1.0,7,Online Banking,132,800.5600000000001,200.14000000000001,4,2
384,0,40,F,Married,Low,2.0,1.0,2022-11-17,1.0,33,Website,5,339.16999999999996,169.58499999999998,2,2
385,1,53,M,Widowed,High,,,,,3,Mobile App,129,1338.28,334.57,4,3
386,0,37,F,Divorced,High,1.0,1.0,2022-03-30,0.0,26,Website,69,773.11,193.2775,4,4
387,0,25,M,Married,Low,2.0,0.0,2022-12-02,2.0,39,Website,62,47.52,47.52,1,1
388,1,26,F,Widowed,Low,,,,,5,Online Banking,132,1787.4199999999998,223.42749999999998,8,5
389,1,31,F,Widowed,Low,,,,,23,Online Banking,271,522.89,174.29666666666665,3,2
390,0,23,M,Divorced,Medium,,,,,33,Mobile App,316,281.95,281.95,1,1
391,0,18,F,Married,Low,,,,,30,Mobile App,163,1990.15,284.3071428571429,7,3
392,0,26,F,Widowed,Medium,1.0,1.0,2022-06-24,0.0,33,Mobile App,119,1533.34,219.04857142857142,7,3
393,0,33,M,Widowed,Medium,1.0,1.0,2022-01-24,0.0,43,Website,27,1960.83,245.10375,8,4
394,0,33,M,Divorced,Low,2.0,1.0,2022-07-29,1.0,25,Online Banking,173,2346.48,293.31,8,4
395,1,29,F,Single,Medium,2.0,1.0,2022-08-29,1.0,22,Online Banking,162,680.27,340.135,2,2
396,1,22,M,Widowed,High,2.0,0.0,2022-05-24,2.0,1,Online Banking,238,865.73,288.57666666666665,3,2
397,0,57,F,Divorced,High,,,,,10,Online Banking,235,2322.98,258.1088888888889,9,4
398,0,46,F,Divorced,Low,1.0,1.0,2022-09-22,0.0,23,Online Banking,83,1678.1200000000001,279.68666666666667,6,4
399,0,63,M,Married,Medium,1.0,1.0,2022-08-04,0.0,33,Website,212,568.35,284.175,2,2
400,0,44,M,Divorced,High,,,,,39,Online Banking,287,2309.85,288.73125,8,4
401,0,28,F,Divorced,Medium,2.0,1.0,2022-11-02,1.0,28,Website,131,1273.3600000000001,318.34000000000003,4,3
402,1,64,M,Single,Medium,2.0,1.0,2022-04-14,1.0,43,Mobile App,142,609.5799999999999,304.78999999999996,2,2
403,0,67,F,Widowed,High,2.0,2.0,2022-09-14,0.0,8,Online Banking,123,1645.76,235.10857142857142,7,5
404,1,45,M,Married,Low,1.0,1.0,2022-01-27,0.0,27,Mobile App,64,2787.1,309.67777777777775,9,4
405,0,69,F,Divorced,Medium,,,,,5,Online Banking,309,508.49,169.49666666666667,3,2
406,0,53,F,Married,High,2.0,1.0,2022-09-25,1.0,15,Website,2,2017.78,252.2225,8,4
407,1,59,F,Widowed,Low,1.0,0.0,2022-03-21,1.0,48,Mobile App,128,2722.74,302.52666666666664,9,4
408,0,36,F,Divorced,Medium,2.0,1.0,2022-09-25,1.0,22,Online Banking,78,2101.4,300.2,7,4
409,0,52,F,Divorced,Medium,1.0,0.0,2022-10-28,1.0,35,Mobile App,345,1524.8400000000001,169.42666666666668,9,4
410,0,69,F,Married,Medium,1.0,0.0,2022-09-26,1.0,30,Online Banking,144,1426.2,237.70000000000002,6,5
411,1,48,F,Single,Medium,,,,,48,Website,102,87.02,87.02,1,1
412,0,61,M,Widowed,Low,,,,,44,Website,0,184.86,184.86,1,1
413,0,36,M,Widowed,Medium,2.0,0.0,2022-09-09,2.0,33,Website,290,1592.6100000000001,318.52200000000005,5,4
414,0,63,M,Widowed,High,1.0,1.0,2022-07-07,0.0,30,Online Banking,118,1497.89,213.98428571428573,7,4
415,0,41,F,Divorced,High,1.0,1.0,2022-02-09,0.0,36,Online Banking,196,354.64,354.64,1,1
416,0,19,M,Divorced,High,2.0,0.0,2022-04-27,2.0,16,Online Banking,252,1442.26,288.452,5,4
417,0,24,M,Divorced,Low,,,,,38,Website,52,873.63,291.21,3,2
418,0,60,M,Married,High,2.0,1.0,2022-10-07,1.0,23,Online Banking,102,1282.72,427.5733333333333,3,2
419,1,66,M,Widowed,Medium,,,,,37,Online Banking,327,1254.4299999999998,250.88599999999997,5,3
420,0,48,F,Widowed,Medium,2.0,2.0,2022-08-07,0.0,37,Website,359,2140.54,267.5675,8,5
421,0,34,F,Widowed,High,1.0,0.0,2022-05-09,1.0,28,Mobile App,15,594.4200000000001,297.21000000000004,2,2
422,1,44,M,Single,Low,1.0,1.0,2022-02-06,0.0,14,Mobile App,88,1770.89,252.98428571428573,7,5
423,0,53,F,Divorced,Low,,,,,4,Mobile App,271,1329.4499999999998,265.89,5,2
424,0,67,F,Widowed,Medium,1.0,0.0,2022-06-16,1.0,39,Website,98,965.41,137.91571428571427,7,3
425,0,60,F,Widowed,Medium,2.0,1.0,2022-11-25,1.0,33,Website,58,1768.53,196.50333333333333,9,3
426,0,27,F,Divorced,High,,,,,31,Website,112,1465.9299999999998,209.4185714285714,7,4
427,0,62,F,Divorced,Low,2.0,2.0,2022-12-14,0.0,13,Online Banking,139,521.56,173.85333333333332,3,3
428,0,31,M,Widowed,High,2.0,1.0,2022-09-06,1.0,36,Mobile App,143,2414.15,301.76875,8,5
429,0,24,F,Married,Medium,2.0,1.0,2022-10-23,1.0,10,Mobile App,354,1361.3899999999999,272.27799999999996,5,3
430,0,56,M,Married,Medium,2.0,1.0,2022-12-14,1.0,47,Online Banking,182,148.98,148.98,1,1
431,0,57,F,Married,High,1.0,1.0,2022-04-24,0.0,31,Website,219,233.87,116.935,2,2
432,0,26,M,Married,Low,,,,,26,Mobile App,15,1834.48,262.06857142857143,7,4
433,1,31,M,Single,Medium,,,,,14,Mobile App,28,1302.43,260.486,5,3
434,0,25,F,Married,Medium,2.0,1.0,2022-09-30,1.0,4,Mobile App,52,41.19,41.19,1,1
435,0,34,M,Widowed,Low,1.0,1.0,2022-07-18,0.0,33,Online Banking,288,488.45,488.45,1,1
436,0,40,F,Widowed,Medium,2.0,1.0,2022-12-03,1.0,47,Website,104,543.99,181.33,3,3
437,0,33,M,Widowed,Low,,,,,13,Website,102,1698.21,212.27625,8,4
438,0,43,M,Married,Low,1.0,1.0,2022-04-09,0.0,48,Website,255,2131.01,304.43,7,4
439,0,26,F,Divorced,Medium,2.0,0.0,2022-06-28,2.0,41,Online Banking,314,1373.54,196.22,7,3
440,0,53,M,Widowed,High,2.0,1.0,2022-10-27,1.0,34,Online Banking,315,1920.61,240.07625,8,4
441,1,24,F,Married,Medium,1.0,0.0,2022-11-19,1.0,43,Mobile App,64,2560.36,320.045,8,4
442,0,35,M,Single,Medium,1.0,1.0,2022-10-22,0.0,35,Mobile App,194,412.55,412.55,1,1
443,0,25,F,Single,Medium,,,,,28,Website,206,1115.64,223.12800000000001,5,4
444,0,38,M,Widowed,Medium,,,,,31,Mobile App,25,387.51,193.755,2,1
445,0,43,M,Divorced,High,2.0,1.0,2022-12-24,1.0,30,Online Banking,218,1002.46,200.49200000000002,5,4
446,0,20,F,Single,High,2.0,1.0,2022-11-23,1.0,32,Mobile App,79,1516.93,252.8216666666667,6,4
447,0,34,F,Married,High,,,,,13,Website,30,169.69,169.69,1,1
448,0,68,M,Married,Low,,,,,41,Mobile App,114,1461.03,208.71857142857144,7,4
449,0,63,F,Single,High,2.0,0.0,2022-05-21,2.0,34,Mobile App,234,1460.65,292.13,5,3
450,1,41,M,Widowed,Low,,,,,8,Website,114,1527.63,305.526,5,5
451,0,42,M,Widowed,Medium,2.0,1.0,2022-10-11,1.0,42,Mobile App,171,364.46,182.23,2,2
452,0,22,M,Single,High,1.0,0.0,2022-06-18,1.0,25,Online Banking,74,2341.48,292.685,8,3
453,0,54,F,Married,High,,,,,33,Online Banking,255,346.54,346.54,1,1
454,0,62,F,Divorced,High,,,,,10,Online Banking,171,472.88,236.44,2,2
455,0,67,F,Married,High,2.0,2.0,2022-07-30,0.0,40,Website,8,565.79,188.59666666666666,3,3
456,0,41,M,Divorced,High,1.0,0.0,2022-03-20,1.0,34,Mobile App,39,2402.0,266.8888888888889,9,4
457,0,48,M,Divorced,Medium,2.0,0.0,2022-08-07,2.0,44,Website,200,1730.33,216.29125,8,4
458,0,43,M,Single,High,,,,,33,Website,355,2767.15,307.4611111111111,9,5
459,0,38,F,Widowed,Low,1.0,0.0,2022-04-24,1.0,5,Mobile App,293,62.87,62.87,1,1
460,0,51,M,Divorced,Low,2.0,0.0,2022-07-29,2.0,45,Online Banking,310,336.72,336.72,1,1
461,0,55,F,Married,High,2.0,0.0,2022-07-23,2.0,27,Online Banking,169,449.87,449.87,1,1
462,1,41,F,Widowed,Low,,,,,8,Online Banking,266,391.36,130.45333333333335,3,3
463,0,45,F,Widowed,High,,,,,7,Online Banking,258,1668.22,238.31714285714287,7,3
464,0,47,F,Married,Medium,,,,,22,Website,20,2166.33,240.70333333333332,9,5
465,0,51,F,Single,Low,,,,,46,Website,47,1217.08,304.27,4,3
466,1,69,M,Widowed,High,,,,,28,Online Banking,189,1918.1599999999999,239.76999999999998,8,4
467,0,69,M,Divorced,Low,1.0,1.0,2022-04-18,0.0,9,Website,14,1104.21,276.0525,4,3
468,0,40,M,Married,High,,,,,31,Online Banking,8,818.31,204.5775,4,3
469,1,25,M,Divorced,Low,2.0,0.0,2022-07-01,2.0,4,Mobile App,68,1626.7,271.1166666666667,6,4
470,1,59,F,Married,Medium,1.0,0.0,2022-03-19,1.0,5,Website,205,1916.68,319.44666666666666,6,5
471,0,67,F,Married,Low,2.0,1.0,2022-06-26,1.0,13,Mobile App,355,1109.17,221.834,5,4
472,0,27,F,Widowed,Low,,,,,6,Mobile App,1,2217.2799999999997,246.36444444444442,9,5
473,0,18,M,Married,Low,,,,,23,Online Banking,348,251.45999999999998,83.82,3,3
474,0,37,M,Widowed,Low,2.0,1.0,2022-08-08,1.0,47,Online Banking,291,2460.07,273.3411111111111,9,4
475,0,54,F,Married,High,1.0,1.0,2022-06-29,0.0,35,Mobile App,237,1635.1299999999999,272.52166666666665,6,3
476,0,35,M,Widowed,Medium,1.0,1.0,2022-10-17,0.0,34,Mobile App,335,2145.93,268.24125,8,3
477,0,38,M,Widowed,Medium,,,,,38,Online Banking,41,806.96,134.49333333333334,6,4
478,1,66,M,Single,Low,,,,,34,Mobile App,168,1615.8400000000001,323.168,5,3
479,0,21,F,Widowed,Low,2.0,1.0,2022-09-15,1.0,11,Website,119,1184.28,236.856,5,4
480,1,60,M,Widowed,Medium,1.0,0.0,2022-01-10,1.0,6,Website,205,1351.01,168.87625,8,4
481,0,19,F,Widowed,Medium,1.0,1.0,2022-04-21,0.0,32,Website,165,3386.04,376.2266666666667,9,3
482,1,38,M,Single,Medium,2.0,2.0,2022-03-14,0.0,35,Website,340,2624.42,291.6022222222222,9,3
483,0,54,F,Divorced,Medium,1.0,0.0,2022-11-07,1.0,34,Mobile App,283,1262.48,210.41333333333333,6,4
484,0,22,M,Divorced,Low,,,,,43,Mobile App,262,988.39,141.19857142857143,7,3
485,0,34,M,Single,Medium,1.0,1.0,2022-11-14,0.0,28,Mobile App,107,2129.71,304.2442857142857,7,5
486,0,66,F,Widowed,Low,2.0,1.0,2022-08-03,1.0,5,Online Banking,135,758.73,189.6825,4,3
487,0,65,F,Widowed,Low,2.0,1.0,2022-11-08,1.0,34,Mobile App,81,1624.23,232.03285714285715,7,4
488,1,28,F,Married,Medium,,,,,33,Mobile App,200,393.84,393.84,1,1
489,0,63,M,Divorced,High,,,,,12,Online Banking,38,1101.11,183.51833333333332,6,3
490,0,58,F,Widowed,Low,2.0,1.0,2022-09-07,1.0,40,Online Banking,306,2063.08,294.7257142857143,7,5
491,1,48,M,Widowed,Medium,1.0,1.0,2022-12-28,0.0,44,Website,31,1483.12,247.18666666666664,6,4
492,0,45,F,Divorced,Low,,,,,38,Online Banking,359,1491.8,298.36,5,3
493,0,61,M,Widowed,High,,,,,44,Online Banking,124,976.0,244.0,4,3
494,0,49,M,Single,Medium,1.0,1.0,2022-11-07,0.0,12,Mobile App,84,269.73,269.73,1,1
495,0,38,M,Widowed,Low,1.0,0.0,2022-04-21,1.0,37,Online Banking,358,1738.1399999999999,289.69,6,5
496,0,24,F,Widowed,High,1.0,1.0,2022-01-27,0.0,1,Website,2,216.79,108.395,2,2
497,0,27,M,Divorced,High,2.0,0.0,2022-05-28,2.0,40,Mobile App,123,1554.77,259.12833333333333,6,4
498,1,45,F,Single,Low,,,,,5,Website,186,763.91,381.955,2,2
499,0,65,M,Married,Medium,1.0,1.0,2022-01-07,0.0,2,Mobile App,31,458.77,229.385,2,2
500,0,53,M,Divorced,Medium,,,,,46,Online Banking,39,2429.2200000000003,269.91333333333336,9,5
501,0,37,M,Married,Low,,,,,25,Online Banking,260,1317.1799999999998,164.64749999999998,8,5
502,0,30,M,Married,High,2.0,0.0,2022-04-03,2.0,38,Mobile App,102,703.3299999999999,175.83249999999998,4,3
503,0,36,F,Single,High,,,,,25,Website,24,1336.58,222.76333333333332,6,4
504,0,67,M,Married,High,1.0,0.0,2022-06-06,1.0,48,Mobile App,57,551.93,183.97666666666666,3,3
505,0,28,M,Single,High,2.0,1.0,2022-05-14,1.0,22,Mobile App,191,2312.7,330.38571428571424,7,3
506,1,52,F,Widowed,Low,2.0,0.0,2022-05-18,2.0,1,Online Banking,143,1009.74,252.435,4,3
507,1,51,M,Single,High,2.0,1.0,2022-11-26,1.0,25,Online Banking,77,2325.03,258.3366666666667,9,4
508,0,61,F,Divorced,Low,,,,,33,Online Banking,71,1536.61,307.322,5,3
509,1,21,F,Married,Medium,1.0,0.0,2022-08-20,1.0,22,Website,145,2446.54,271.8377777777778,9,5
510,1,30,M,Single,Medium,1.0,0.0,2022-10-24,1.0,31,Mobile App,180,392.1,392.1,1,1
511,1,54,M,Divorced,High,1.0,1.0,2022-01-06,0.0,19,Online Banking,322,2027.8799999999999,225.32,9,5
512,0,19,F,Single,High,,,,,48,Mobile App,151,1362.35,272.46999999999997,5,3
513,0,67,F,Married,High,,,,,18,Online Banking,196,172.81,172.81,1,1
514,0,18,F,Married,Medium,,,,,1,Mobile App,161,1606.29,267.715,6,4
515,0,57,F,Divorced,Low,,,,,19,Online Banking,359,1639.58,273.2633333333333,6,4
516,1,42,F,Divorced,Low,,,,,14,Mobile App,3,612.22,204.07333333333335,3,2
517,0,54,F,Divorced,Low,,,,,11,Online Banking,354,1073.98,214.796,5,3
518,1,53,F,Divorced,High,2.0,1.0,2022-04-30,1.0,8,Mobile App,97,3078.6,342.06666666666666,9,5
519,0,23,F,Divorced,Low,2.0,1.0,2022-07-10,1.0,18,Mobile App,205,1894.4,210.4888888888889,9,5
520,0,24,M,Married,High,2.0,2.0,2022-08-28,0.0,9,Mobile App,168,1959.29,391.858,5,3
521,1,21,F,Widowed,Medium,2.0,1.0,2022-05-18,1.0,43,Website,325,645.75,322.875,2,2
522,0,52,M,Divorced,Low,2.0,1.0,2022-09-11,1.0,28,Website,107,2557.54,284.1711111111111,9,5
523,0,58,M,Widowed,High,,,,,11,Mobile App,131,2090.02,232.22444444444443,9,5
524,0,51,F,Divorced,Low,1.0,0.0,2022-08-09,1.0,49,Online Banking,62,2565.36,285.04,9,4
525,0,46,F,Divorced,Medium,1.0,0.0,2022-11-24,1.0,41,Website,24,462.44,115.61,4,3
526,0,22,M,Divorced,Low,1.0,1.0,2022-03-21,0.0,30,Online Banking,320,446.32,111.58,4,3
527,0,44,M,Married,Low,,,,,44,Online Banking,3,343.51,114.50333333333333,3,2
528,0,50,F,Widowed,Medium,1.0,1.0,2022-12-12,0.0,27,Online Banking,229,1353.55,225.59166666666667,6,4
529,0,63,F,Married,High,1.0,0.0,2022-01-13,1.0,26,Online Banking,227,2333.7200000000003,291.71500000000003,8,4
530,1,69,F,Single,High,,,,,49,Mobile App,25,1311.6399999999999,218.60666666666665,6,4
531,1,27,F,Divorced,High,1.0,0.0,2022-09-11,1.0,12,Online Banking,52,2008.12,223.12444444444444,9,4
532,0,23,M,Divorced,Low,2.0,1.0,2022-08-01,1.0,38,Website,70,2372.58,296.5725,8,3
533,0,51,M,Widowed,Low,1.0,0.0,2022-01-16,1.0,27,Mobile App,63,388.31,388.31,1,1
534,0,25,M,Married,High,2.0,0.0,2022-11-12,2.0,37,Mobile App,137,536.31,178.76999999999998,3,3
535,0,48,M,Married,High,,,,,17,Mobile App,188,2145.98,268.2475,8,3
536,0,26,M,Married,Low,1.0,0.0,2022-07-20,1.0,46,Mobile App,51,1639.36,409.84,4,3
537,1,38,M,Divorced,High,,,,,9,Online Banking,218,2067.57,344.595,6,4
538,0,25,M,Widowed,High,2.0,1.0,2022-12-19,1.0,6,Online Banking,201,651.88,325.94,2,2
539,0,21,F,Single,Low,2.0,1.0,2022-09-17,1.0,13,Mobile App,100,1286.35,214.39166666666665,6,4
540,0,39,F,Single,Medium,1.0,0.0,2022-07-10,1.0,6,Online Banking,348,649.47,324.735,2,2
541,0,45,F,Married,Low,2.0,1.0,2022-09-02,1.0,38,Mobile App,100,185.03,92.515,2,2
542,0,62,F,Widowed,High,,,,,4,Mobile App,177,344.77,114.92333333333333,3,3
543,1,21,M,Married,High,1.0,0.0,2022-02-06,1.0,16,Online Banking,128,939.83,187.966,5,4
544,0,56,M,Married,Medium,1.0,0.0,2022-06-04,1.0,36,Website,313,1099.45,274.8625,4,3
545,1,38,F,Married,Medium,2.0,2.0,2022-09-07,0.0,43,Website,84,452.87,226.435,2,2
546,0,25,M,Single,Low,2.0,2.0,2022-09-04,0.0,14,Online Banking,324,575.05,287.525,2,2
547,0,37,M,Single,Medium,,,,,29,Website,343,716.14,238.71333333333334,3,2
548,0,49,M,Married,High,,,,,24,Website,32,2116.14,235.12666666666667,9,5
549,0,18,M,Widowed,High,,,,,39,Mobile App,120,358.67,179.335,2,1
550,0,23,F,Single,High,2.0,1.0,2022-12-22,1.0,39,Online Banking,1,2140.26,267.5325,8,4
551,0,45,F,Married,High,2.0,0.0,2022-06-30,2.0,45,Mobile App,362,3027.91,336.4344444444444,9,5
552,0,61,F,Single,Medium,,,,,25,Website,329,1049.96,349.9866666666667,3,2
553,0,48,F,Divorced,High,,,,,46,Website,37,2125.61,303.65857142857146,7,5
554,0,27,M,Divorced,High,1.0,1.0,2022-03-30,0.0,46,Mobile App,97,1822.54,303.75666666666666,6,5
555,0,37,F,Single,High,,,,,3,Website,52,393.99,196.995,2,2
556,0,25,M,Married,Low,1.0,1.0,2022-11-01,0.0,42,Online Banking,325,2132.54,304.6485714285714,7,4
557,0,39,F,Single,Low,2.0,1.0,2022-12-23,1.0,27,Online Banking,29,1179.98,393.32666666666665,3,3
558,0,55,M,Widowed,High,,,,,12,Online Banking,68,1722.97,287.1616666666667,6,5
559,0,46,F,Married,Medium,1.0,0.0,2022-01-19,1.0,43,Website,138,2151.66,307.38,7,4
560,1,26,M,Married,Medium,,,,,2,Mobile App,11,203.34,101.67,2,2
561,0,61,M,Married,Low,1.0,1.0,2022-04-21,0.0,38,Online Banking,70,1369.4,228.23333333333335,6,3
562,1,64,M,Married,Low,,,,,26,Online Banking,232,2160.95,240.10555555555553,9,5
563,0,18,M,Widowed,Medium,,,,,29,Mobile App,202,1090.13,218.026,5,2
564,0,58,M,Single,Low,,,,,45,Online Banking,208,1859.23,265.6042857142857,7,3
565,1,69,M,Single,Low,2.0,1.0,2022-10-29,1.0,30,Website,253,2436.25,406.0416666666667,6,3
566,0,56,M,Divorced,High,,,,,38,Online Banking,199,1867.21,266.7442857142857,7,4
567,0,43,M,Married,Medium,,,,,41,Online Banking,34,472.36,472.36,1,1
568,0,28,M,Divorced,High,1.0,1.0,2022-07-11,0.0,32,Online Banking,137,1051.21,350.40333333333336,3,2
569,0,69,F,Widowed,Low,1.0,1.0,2022-10-21,0.0,38,Online Banking,39,1550.8500000000001,258.475,6,4
570,0,52,F,Single,Low,2.0,1.0,2022-10-30,1.0,21,Mobile App,149,2358.04,336.86285714285714,7,4
571,0,41,F,Single,Low,1.0,0.0,2022-03-14,1.0,8,Website,250,962.48,320.82666666666665,3,2
572,0,50,F,Married,Low,,,,,6,Website,339,538.06,269.03,2,2
573,0,37,F,Single,Medium,,,,,4,Website,342,1331.4,266.28000000000003,5,2
574,1,44,M,Widowed,Medium,1.0,1.0,2022-09-30,0.0,17,Mobile App,274,2437.4,270.82222222222225,9,4
575,0,32,F,Widowed,Medium,2.0,1.0,2022-09-14,1.0,21,Mobile App,174,1550.26,172.2511111111111,9,4
576,1,50,F,Married,Medium,2.0,0.0,2022-08-30,2.0,4,Website,10,755.9300000000001,188.98250000000002,4,3
577,1,69,M,Divorced,High,1.0,0.0,2022-07-21,1.0,35,Website,250,2373.23,296.65375,8,4
578,0,24,F,Married,High,1.0,1.0,2022-09-21,0.0,30,Mobile App,252,715.6,238.53333333333333,3,3
579,1,51,F,Widowed,High,,,,,27,Online Banking,222,402.41,201.205,2,1
580,0,62,M,Single,Low,2.0,1.0,2022-12-02,1.0,12,Website,30,232.75,116.375,2,1
581,0,68,F,Single,Medium,1.0,0.0,2022-07-24,1.0,48,Mobile App,281,407.65999999999997,203.82999999999998,2,2
582,0,63,F,Single,Medium,,,,,20,Online Banking,74,1876.3600000000001,268.0514285714286,7,3
583,0,59,M,Widowed,Medium,,,,,40,Online Banking,319,783.96,195.99,4,3
584,0,22,M,Divorced,High,2.0,1.0,2022-06-18,1.0,44,Online Banking,54,1677.08,239.58285714285714,7,4
585,0,47,M,Married,Low,2.0,2.0,2022-07-13,0.0,41,Online Banking,267,1709.36,284.8933333333333,6,4
586,1,45,M,Divorced,Low,1.0,0.0,2022-03-12,1.0,33,Online Banking,47,1667.53,333.506,5,2
587,0,35,F,Single,Low,1.0,1.0,2022-12-18,0.0,10,Website,274,623.49,207.83,3,3
588,1,53,F,Married,High,2.0,1.0,2022-06-11,1.0,5,Mobile App,40,1726.51,215.81375,8,3
589,1,20,F,Widowed,Medium,2.0,1.0,2022-11-19,1.0,11,Mobile App,255,2356.94,261.88222222222225,9,3
590,0,38,M,Widowed,High,,,,,21,Mobile App,78,1383.59,153.73222222222222,9,4
591,0,63,F,Divorced,Medium,2.0,1.0,2022-08-27,1.0,20,Online Banking,252,215.12,215.12,1,1
592,0,33,M,Married,Low,,,,,44,Mobile App,331,2642.14,330.2675,8,4
593,0,54,F,Single,Medium,1.0,1.0,2022-09-15,0.0,9,Online Banking,361,2959.62,328.84666666666664,9,5
594,0,59,M,Divorced,Low,2.0,1.0,2022-12-25,1.0,30,Mobile App,205,2544.69,282.74333333333334,9,5
595,0,22,F,Widowed,Low,1.0,1.0,2022-10-26,0.0,48,Online Banking,252,2270.36,283.795,8,3
596,0,67,F,Married,Low,,,,,4,Mobile App,207,1346.76,269.352,5,2
597,0,68,M,Married,Medium,1.0,0.0,2022-07-21,1.0,9,Website,75,1726.8999999999999,246.7,7,3
598,0,31,M,Widowed,High,,,,,40,Online Banking,175,1906.1000000000001,272.3,7,4
599,0,48,M,Single,Low,2.0,2.0,2022-11-08,0.0,3,Website,15,2347.42,260.82444444444445,9,4
600,0,63,F,Single,Medium,1.0,0.0,2022-05-05,1.0,38,Online Banking,39,865.0,216.25,4,4
601,0,41,F,Widowed,Low,2.0,1.0,2022-04-15,1.0,25,Website,111,2473.79,309.22375,8,5
602,1,52,M,Widowed,Medium,,,,,37,Mobile App,232,1158.83,128.7588888888889,9,4
603,0,53,M,Single,High,,,,,30,Mobile App,198,1476.4,295.28000000000003,5,3
604,0,27,M,Divorced,Low,2.0,1.0,2022-09-22,1.0,31,Website,239,437.92999999999995,145.97666666666666,3,3
605,1,44,M,Divorced,Low,,,,,17,Mobile App,352,1187.98,296.995,4,2
606,0,44,F,Married,Low,,,,,10,Website,89,271.99,271.99,1,1
607,1,40,M,Married,High,1.0,0.0,2022-11-16,1.0,8,Mobile App,349,1489.51,297.902,5,3
608,0,30,M,Divorced,Medium,1.0,0.0,2022-09-05,1.0,2,Mobile App,351,2463.96,273.7733333333333,9,4
609,0,33,F,Married,Low,2.0,1.0,2022-08-13,1.0,32,Website,10,110.77,110.77,1,1
610,0,52,F,Divorced,Low,,,,,11,Mobile App,24,1504.22,300.844,5,3
611,0,44,M,Married,High,1.0,0.0,2022-06-27,1.0,10,Online Banking,81,624.87,208.29,3,3
612,0,69,F,Divorced,Medium,2.0,2.0,2022-08-13,0.0,41,Online Banking,14,1688.29,241.18428571428572,7,4
613,0,56,M,Married,High,,,,,32,Online Banking,127,612.18,204.05999999999997,3,2
614,1,64,F,Married,High,1.0,1.0,2022-11-15,0.0,24,Mobile App,281,1239.16,413.05333333333334,3,3
615,0,34,F,Divorced,Low,2.0,1.0,2022-08-12,1.0,7,Online Banking,142,481.67999999999995,160.55999999999997,3,2
616,1,65,M,Single,Medium,1.0,0.0,2022-08-19,1.0,29,Online Banking,139,1674.35,209.29375,8,5
617,1,58,F,Divorced,Low,,,,,2,Online Banking,343,2146.58,306.6542857142857,7,5
618,1,18,M,Divorced,Low,2.0,2.0,2022-05-14,0.0,16,Mobile App,41,1025.54,146.50571428571428,7,4
619,1,28,M,Widowed,High,1.0,0.0,2022-11-25,1.0,31,Online Banking,248,244.19,244.19,1,1
620,0,29,F,Single,High,1.0,0.0,2022-02-27,1.0,12,Online Banking,309,694.35,231.45000000000002,3,2
621,0,31,F,Married,Low,1.0,1.0,2022-07-28,0.0,32,Online Banking,138,204.8,102.4,2,1
622,0,25,M,Single,High,1.0,0.0,2022-06-27,1.0,47,Online Banking,91,754.54,150.908,5,4
623,0,48,F,Single,High,2.0,0.0,2022-11-19,2.0,41,Online Banking,263,1074.25,153.46428571428572,7,4
624,0,24,F,Single,Medium,,,,,18,Website,42,934.44,233.61,4,3
625,1,63,F,Widowed,Low,,,,,3,Mobile App,150,2452.39,272.48777777777775,9,4
626,0,48,M,Widowed,Low,,,,,16,Website,307,2416.9,302.1125,8,4
627,1,33,F,Married,Medium,1.0,1.0,2022-07-11,0.0,49,Website,45,1929.48,321.58,6,5
628,0,59,F,Divorced,High,1.0,1.0,2022-11-26,0.0,42,Website,349,67.65,67.65,1,1
629,0,56,M,Single,Medium,2.0,1.0,2022-09-10,1.0,18,Online Banking,358,657.3699999999999,219.1233333333333,3,2
630,1,61,F,Married,Medium,1.0,0.0,2022-03-10,1.0,44,Website,136,942.44,471.22,2,1
631,0,36,M,Married,Medium,2.0,1.0,2022-11-13,1.0,15,Website,161,238.83,238.83,1,1
632,0,25,M,Widowed,High,1.0,0.0,2022-02-07,1.0,41,Online Banking,33,1060.8600000000001,176.81000000000003,6,4
633,0,46,M,Divorced,Medium,2.0,0.0,2022-07-22,2.0,37,Online Banking,57,1985.72,248.215,8,4
634,0,19,M,Divorced,Low,2.0,0.0,2022-11-16,2.0,23,Mobile App,254,1053.54,263.385,4,3
635,0,59,F,Widowed,High,1.0,0.0,2022-03-17,1.0,26,Online Banking,21,1574.74,314.948,5,2
636,0,20,M,Single,Medium,2.0,1.0,2022-12-19,1.0,7,Online Banking,95,1041.72,208.344,5,3
637,0,68,M,Widowed,Medium,1.0,1.0,2022-07-07,0.0,48,Online Banking,249,1629.96,203.745,8,4
638,0,46,M,Married,Medium,,,,,21,Website,245,194.63,97.315,2,2
639,0,32,F,Widowed,Medium,1.0,0.0,2022-09-24,1.0,29,Website,276,1874.22,234.2775,8,4
640,0,55,M,Divorced,Medium,2.0,1.0,2022-08-30,1.0,45,Website,37,2408.65,301.08125,8,4
641,1,45,M,Single,Medium,2.0,1.0,2022-03-04,1.0,7,Online Banking,199,1717.5700000000002,190.84111111111113,9,4
642,0,54,M,Married,Low,1.0,0.0,2022-10-18,1.0,6,Online Banking,138,1587.38,264.56333333333333,6,3
643,1,49,M,Married,High,,,,,27,Online Banking,105,1060.42,151.48857142857145,7,4
644,1,47,M,Divorced,Low,1.0,1.0,2022-06-12,0.0,43,Mobile App,111,266.05,133.025,2,1
645,0,68,M,Widowed,Medium,2.0,1.0,2022-10-18,1.0,46,Website,186,328.56,328.56,1,1
646,1,64,M,Married,Medium,,,,,17,Website,311,163.69,163.69,1,1
647,0,47,M,Widowed,Medium,2.0,1.0,2022-06-24,1.0,24,Mobile App,295,12.46,12.46,1,1
648,0,68,M,Married,Low,1.0,1.0,2022-03-09,0.0,28,Website,142,1028.17,342.72333333333336,3,2
649,0,51,M,Divorced,Medium,1.0,0.0,2022-09-17,1.0,26,Website,183,759.5699999999999,189.89249999999998,4,2
650,1,30,M,Married,Low,1.0,1.0,2022-09-15,0.0,38,Online Banking,123,499.67,249.835,2,2
651,0,50,M,Married,High,,,,,26,Online Banking,228,1467.02,209.5742857142857,7,4
652,0,59,F,Single,Low,2.0,0.0,2022-06-15,2.0,40,Website,227,1245.86,249.17199999999997,5,3
653,0,34,F,Married,Low,1.0,1.0,2022-12-04,0.0,1,Mobile App,276,392.17,392.17,1,1
654,0,20,M,Divorced,High,1.0,1.0,2022-03-14,0.0,19,Mobile App,315,1437.17,159.68555555555557,9,4
655,0,26,F,Married,Medium,2.0,0.0,2022-12-16,2.0,26,Mobile App,334,2097.25,233.02777777777777,9,5
656,0,69,F,Divorced,Low,,,,,35,Mobile App,174,1567.52,223.93142857142857,7,5
657,1,28,F,Widowed,High,1.0,1.0,2022-09-01,0.0,16,Online Banking,24,1135.3,227.06,5,4
658,1,66,M,Divorced,Low,1.0,0.0,2022-02-07,1.0,13,Mobile App,189,1132.79,188.79833333333332,6,3
659,0,44,F,Widowed,Low,2.0,1.0,2022-08-16,1.0,10,Website,97,1658.16,276.36,6,3
660,0,45,F,Married,High,2.0,1.0,2022-08-25,1.0,8,Mobile App,140,2676.26,334.5325,8,5
661,0,19,M,Divorced,Low,,,,,27,Mobile App,80,1579.69,197.46125,8,5
662,0,18,F,Single,High,,,,,26,Mobile App,121,758.41,189.6025,4,3
663,0,23,F,Divorced,Low,1.0,0.0,2022-02-23,1.0,3,Mobile App,263,1160.99,193.49833333333333,6,5
664,0,42,F,Widowed,Medium,1.0,0.0,2022-10-29,1.0,45,Online Banking,129,1972.94,328.8233333333333,6,4
665,0,52,F,Widowed,High,1.0,0.0,2022-12-30,1.0,36,Online Banking,199,1405.19,281.038,5,3
666,0,33,M,Single,Medium,,,,,41,Online Banking,70,474.38,474.38,1,1
667,0,21,F,Divorced,Low,1.0,1.0,2022-03-08,0.0,8,Online Banking,73,1442.15,240.35833333333335,6,4
668,0,64,M,Married,Medium,1.0,0.0,2022-12-15,1.0,32,Website,211,1668.59,238.36999999999998,7,3
669,0,55,F,Divorced,High,2.0,1.0,2022-12-20,1.0,19,Website,55,2232.41,279.05125,8,4
670,0,61,F,Divorced,Low,,,,,12,Online Banking,273,143.34,143.34,1,1
671,0,37,F,Divorced,High,1.0,1.0,2022-10-22,0.0,45,Online Banking,306,2587.47,287.49666666666667,9,3
672,0,42,F,Single,Low,2.0,2.0,2022-06-25,0.0,45,Mobile App,274,77.31,77.31,1,1
673,0,24,F,Single,Medium,2.0,2.0,2022-03-31,0.0,13,Mobile App,182,1779.5,222.4375,8,4
674,1,38,M,Single,Medium,2.0,1.0,2022-03-20,1.0,44,Online Banking,342,2314.49,257.16555555555556,9,5
675,0,24,M,Single,High,2.0,2.0,2022-07-21,0.0,48,Online Banking,207,2461.3,273.4777777777778,9,5
676,0,46,M,Single,High,,,,,45,Mobile App,45,923.55,184.70999999999998,5,4
677,1,69,F,Married,Low,2.0,1.0,2022-08-12,1.0,7,Website,179,308.82,308.82,1,1
678,0,24,M,Divorced,High,1.0,1.0,2022-10-09,0.0,47,Online Banking,253,864.3,216.075,4,3
679,0,20,F,Divorced,High,2.0,1.0,2022-07-20,1.0,47,Website,122,1700.3,242.9,7,4
680,0,46,M,Married,Medium,,,,,16,Website,7,2490.85,276.7611111111111,9,4
681,0,46,M,Married,High,,,,,32,Mobile App,192,1463.19,365.7975,4,3
682,1,56,M,Married,High,1.0,1.0,2022-08-16,0.0,9,Mobile App,108,1084.11,216.82199999999997,5,5
683,0,55,F,Married,Low,2.0,1.0,2022-06-14,1.0,26,Online Banking,134,1383.28,276.656,5,3
684,0,23,M,Single,Medium,1.0,1.0,2022-01-21,0.0,48,Mobile App,160,1240.94,248.18800000000002,5,4
685,1,63,F,Divorced,Medium,,,,,40,Website,157,534.74,267.37,2,2
686,0,27,M,Married,Low,,,,,47,Website,155,1019.6700000000001,254.91750000000002,4,3
687,0,54,F,Widowed,Medium,1.0,1.0,2022-01-16,0.0,20,Online Banking,37,1446.69,160.74333333333334,9,4
688,0,31,F,Married,Low,2.0,1.0,2022-12-03,1.0,6,Website,87,2281.4700000000003,253.4966666666667,9,5
689,0,39,F,Divorced,Low,,,,,11,Mobile App,341,897.51,224.3775,4,3
690,0,49,F,Widowed,High,,,,,29,Online Banking,9,638.06,212.68666666666664,3,3
691,1,35,F,Married,High,,,,,7,Mobile App,354,683.19,341.595,2,1
692,0,53,F,Single,Low,,,,,29,Website,190,1421.26,284.252,5,3
693,0,63,F,Single,High,1.0,1.0,2022-07-07,0.0,43,Mobile App,91,2154.62,269.3275,8,4
694,0,69,F,Widowed,High,,,,,4,Online Banking,353,1500.44,214.34857142857143,7,3
695,1,26,F,Single,Medium,2.0,1.0,2022-04-19,1.0,24,Mobile App,325,2615.4300000000003,290.60333333333335,9,4
696,1,43,F,Widowed,Medium,1.0,0.0,2022-10-19,1.0,3,Website,324,55.77,55.77,1,1
697,0,39,M,Married,High,,,,,12,Online Banking,173,489.1,244.55,2,2
698,0,63,F,Divorced,Low,,,,,35,Website,181,273.02,136.51,2,1
699,1,55,M,Widowed,Low,,,,,8,Mobile App,320,994.16,248.54,4,2
700,0,40,M,Married,High,2.0,1.0,2022-03-03,1.0,38,Online Banking,13,2810.28,351.285,8,5
701,0,34,F,Widowed,High,,,,,41,Online Banking,347,2395.1,266.1222222222222,9,4
702,1,43,M,Divorced,Low,,,,,38,Mobile App,0,681.77,136.35399999999998,5,3
703,0,64,F,Single,Medium,2.0,2.0,2022-07-19,0.0,15,Mobile App,106,1289.55,184.22142857142856,7,4
704,0,55,F,Single,Medium,,,,,5,Website,58,948.6800000000001,316.2266666666667,3,2
705,0,19,M,Widowed,Low,2.0,0.0,2022-10-14,2.0,40,Website,229,1783.47,254.78142857142856,7,4
706,0,23,F,Divorced,High,1.0,0.0,2022-05-23,1.0,16,Online Banking,279,104.0,104.0,1,1
707,0,24,M,Married,Medium,1.0,0.0,2022-02-02,1.0,46,Online Banking,363,35.24,35.24,1,1
708,0,30,M,Married,Low,1.0,0.0,2022-04-07,1.0,28,Website,93,807.48,269.16,3,3
709,0,44,M,Married,High,,,,,13,Mobile App,163,346.94,346.94,1,1
710,0,28,M,Widowed,High,,,,,41,Website,246,1373.66,228.94333333333336,6,3
711,0,32,F,Single,Medium,1.0,0.0,2022-10-12,1.0,11,Website,308,391.99,391.99,1,1
712,0,26,F,Widowed,High,2.0,2.0,2022-06-26,0.0,37,Mobile App,31,1159.3899999999999,231.878,5,3
713,0,25,F,Widowed,Low,1.0,1.0,2022-02-23,0.0,3,Website,294,1792.54,224.0675,8,4
714,0,63,M,Widowed,Low,,,,,8,Mobile App,114,1170.32,146.29,8,3
715,0,23,F,Married,Low,1.0,0.0,2022-10-27,1.0,38,Online Banking,212,555.91,277.955,2,1
716,1,65,M,Divorced,Low,2.0,1.0,2022-05-07,1.0,47,Mobile App,354,3220.3,357.81111111111113,9,5
717,0,60,M,Widowed,High,2.0,0.0,2022-11-15,2.0,34,Website,242,1950.63,278.6614285714286,7,3
718,0,21,M,Married,Low,1.0,0.0,2022-08-17,1.0,38,Mobile App,172,1845.21,307.535,6,4
719,0,28,M,Widowed,Medium,,,,,42,Online Banking,15,434.86,217.43,2,2
720,0,68,M,Widowed,High,2.0,1.0,2022-06-24,1.0,24,Website,335,1551.13,258.5216666666667,6,3
721,0,45,M,Married,High,,,,,18,Website,247,921.3299999999999,184.266,5,4
722,0,43,F,Divorced,High,1.0,0.0,2022-07-04,1.0,25,Website,272,814.74,271.58,3,2
723,0,21,F,Divorced,Low,2.0,2.0,2022-12-07,0.0,13,Website,212,2143.56,306.22285714285715,7,3
724,0,32,F,Single,High,1.0,0.0,2022-01-25,1.0,39,Website,68,477.73,238.865,2,2
725,0,36,M,Widowed,Low,,,,,22,Mobile App,78,627.29,313.645,2,2
726,0,23,M,Single,Low,1.0,1.0,2022-10-30,0.0,30,Online Banking,124,2048.2,256.025,8,5
727,0,22,F,Married,High,,,,,30,Mobile App,140,1252.1,208.6833333333333,6,5
728,0,35,F,Widowed,High,1.0,0.0,2022-10-09,1.0,37,Website,240,1552.44,310.488,5,4
729,0,23,F,Married,Low,1.0,1.0,2022-07-23,0.0,45,Mobile App,325,161.07,80.535,2,2
730,0,48,M,Single,High,1.0,1.0,2022-02-26,0.0,43,Website,11,1247.79,207.965,6,5
731,0,42,F,Married,High,,,,,15,Online Banking,11,1559.5,194.9375,8,5
732,0,21,F,Married,Low,1.0,0.0,2022-01-18,1.0,35,Mobile App,15,1865.72,207.3022222222222,9,5
733,1,23,M,Divorced,Low,2.0,0.0,2022-03-22,2.0,6,Online Banking,350,681.14,227.04666666666665,3,2
734,0,58,M,Widowed,High,2.0,1.0,2022-12-11,1.0,11,Mobile App,118,1047.12,209.42399999999998,5,3
735,0,54,F,Widowed,Low,2.0,1.0,2022-08-14,1.0,28,Website,87,2165.4900000000002,270.68625000000003,8,4
736,0,67,F,Widowed,Low,1.0,0.0,2022-08-05,1.0,30,Website,303,576.3,192.1,3,3
737,0,42,M,Married,Medium,2.0,1.0,2022-09-05,1.0,16,Mobile App,232,2132.05,236.89444444444447,9,4
738,0,51,M,Divorced,High,2.0,0.0,2022-11-05,2.0,28,Mobile App,220,675.36,225.12,3,1
739,0,36,M,Single,High,,,,,25,Online Banking,85,338.96999999999997,169.48499999999999,2,2
740,0,51,M,Widowed,High,1.0,1.0,2022-07-03,0.0,48,Online Banking,218,2094.81,232.75666666666666,9,5
741,0,32,F,Married,High,1.0,1.0,2022-06-11,0.0,30,Website,192,2317.66,289.7075,8,5
742,1,67,F,Divorced,High,,,,,45,Online Banking,276,583.1,291.55,2,2
743,0,25,F,Divorced,Low,2.0,2.0,2022-03-08,0.0,14,Online Banking,156,1118.41,279.6025,4,3
744,0,61,F,Widowed,High,,,,,27,Website,205,1132.03,188.67166666666665,6,4
745,0,64,F,Divorced,High,,,,,48,Website,204,2639.2799999999997,293.25333333333333,9,4
746,0,66,M,Divorced,Medium,1.0,1.0,2022-10-01,0.0,30,Mobile App,13,604.8199999999999,302.40999999999997,2,1
747,0,51,M,Married,Low,2.0,0.0,2022-03-09,2.0,10,Online Banking,29,967.0799999999999,241.76999999999998,4,2
748,1,35,F,Single,High,,,,,20,Mobile App,328,284.57,142.285,2,2
749,0,47,M,Divorced,High,2.0,1.0,2022-09-03,1.0,44,Online Banking,308,618.27,206.09,3,3
750,0,30,F,Single,High,2.0,1.0,2022-07-29,1.0,7,Website,132,2600.41,325.05125,8,4
751,0,64,F,Divorced,High,1.0,1.0,2022-12-28,0.0,34,Website,129,1172.35,195.39166666666665,6,2
752,0,50,F,Divorced,Low,2.0,2.0,2022-12-29,0.0,27,Website,24,2056.76,228.5288888888889,9,4
753,1,52,F,Divorced,Medium,2.0,1.0,2022-11-03,1.0,23,Online Banking,188,1560.95,260.15833333333336,6,4
754,0,69,M,Widowed,Medium,,,,,46,Website,57,1122.07,280.5175,4,3
755,0,41,F,Widowed,High,,,,,45,Website,315,539.68,179.89333333333332,3,3
756,0,43,F,Widowed,Medium,,,,,25,Mobile App,144,2081.7,346.95,6,3
757,1,64,F,Single,Medium,1.0,1.0,2022-11-26,0.0,28,Mobile App,116,1484.12,296.82399999999996,5,4
758,0,68,M,Single,Medium,2.0,0.0,2022-12-14,2.0,18,Online Banking,146,1725.5,191.72222222222223,9,4
759,0,61,F,Widowed,Medium,1.0,1.0,2022-05-19,0.0,13,Website,294,575.97,287.985,2,2
760,0,59,M,Single,Medium,2.0,1.0,2022-06-17,1.0,13,Online Banking,335,477.75,477.75,1,1
761,0,64,M,Married,Low,1.0,1.0,2022-05-14,0.0,45,Online Banking,358,1309.22,145.4688888888889,9,3
762,1,18,F,Single,Low,1.0,0.0,2022-03-09,1.0,34,Mobile App,55,2577.9500000000003,286.4388888888889,9,5
763,1,30,M,Married,Low,2.0,2.0,2022-12-14,0.0,14,Mobile App,247,693.13,138.626,5,3
764,0,27,M,Widowed,Medium,,,,,28,Mobile App,319,496.99,496.99,1,1
765,0,36,F,Married,Low,1.0,1.0,2022-10-31,0.0,13,Online Banking,24,1079.2,215.84,5,3
766,0,22,F,Widowed,Medium,2.0,2.0,2022-09-22,0.0,34,Website,175,910.23,303.41,3,3
767,0,25,M,Widowed,Medium,,,,,5,Mobile App,143,2189.69,273.71125,8,4
768,0,21,F,Widowed,Low,,,,,40,Mobile App,131,1068.46,213.692,5,4
769,0,66,M,Single,High,2.0,1.0,2022-03-26,1.0,10,Mobile App,219,1257.45,251.49,5,3
770,0,30,F,Divorced,Medium,2.0,0.0,2022-10-17,2.0,36,Website,335,970.67,161.77833333333334,6,3
771,0,55,F,Divorced,Medium,2.0,1.0,2022-05-22,1.0,6,Online Banking,262,1500.63,214.3757142857143,7,4
772,0,63,F,Married,Low,2.0,0.0,2022-12-19,2.0,21,Online Banking,245,1124.58,281.145,4,3
773,0,66,M,Divorced,Medium,,,,,35,Website,177,1918.91,239.86375,8,4
774,0,63,M,Widowed,Medium,,,,,16,Online Banking,37,41.49,41.49,1,1
775,1,36,M,Divorced,Medium,1.0,1.0,2022-12-09,0.0,20,Website,152,1586.9,317.38,5,4
776,0,69,F,Married,Low,2.0,1.0,2022-08-30,1.0,31,Mobile App,147,1647.73,329.546,5,3
777,1,67,M,Widowed,High,,,,,5,Website,100,1488.0,248.0,6,3
778,0,25,F,Single,High,2.0,1.0,2022-12-14,1.0,6,Online Banking,160,2064.51,229.39000000000001,9,5
779,0,44,F,Widowed,Low,1.0,1.0,2022-03-31,0.0,2,Mobile App,167,1563.06,260.51,6,4
780,0,67,M,Widowed,Medium,1.0,0.0,2022-09-11,1.0,39,Mobile App,73,2107.59,301.0842857142857,7,5
781,0,64,F,Married,High,1.0,1.0,2022-03-29,0.0,22,Mobile App,337,548.61,274.305,2,1
782,1,47,M,Single,Low,1.0,0.0,2022-07-14,1.0,11,Mobile App,115,1042.79,208.558,5,4
783,0,21,F,Widowed,Low,,,,,15,Website,143,1133.6799999999998,188.94666666666663,6,2
784,0,28,M,Single,Medium,2.0,1.0,2022-04-28,1.0,13,Online Banking,144,1567.71,391.9275,4,3
785,0,38,F,Widowed,Medium,1.0,1.0,2022-03-24,0.0,33,Online Banking,84,1960.77,280.11,7,4
786,0,60,F,Widowed,Low,2.0,1.0,2022-08-04,1.0,46,Mobile App,112,2141.4,237.93333333333334,9,5
787,0,19,M,Married,Low,2.0,1.0,2022-10-27,1.0,14,Website,235,1255.38,156.9225,8,4
788,1,38,M,Widowed,Low,,,,,39,Online Banking,133,1041.15,208.23000000000002,5,2
789,1,34,F,Widowed,High,2.0,2.0,2022-07-21,0.0,2,Website,102,1755.6999999999998,219.46249999999998,8,5
790,0,60,M,Widowed,Medium,1.0,1.0,2022-08-11,0.0,10,Website,247,2782.16,309.12888888888887,9,4
791,1,68,F,Divorced,Low,2.0,2.0,2022-11-12,0.0,42,Website,10,441.32,220.66,2,2
792,0,46,F,Single,Medium,2.0,1.0,2022-12-20,1.0,30,Online Banking,147,1381.17,276.23400000000004,5,3
793,0,44,F,Married,High,1.0,1.0,2022-08-22,0.0,32,Website,78,1189.15,198.1916666666667,6,3
794,0,41,F,Married,Low,2.0,2.0,2022-05-20,0.0,9,Website,222,2430.75,405.125,6,4
795,0,66,F,Married,Medium,1.0,1.0,2022-11-10,0.0,48,Online Banking,0,993.04,248.26,4,3
796,0,20,M,Widowed,High,,,,,16,Website,325,2309.95,256.6611111111111,9,5
797,0,56,M,Single,Low,1.0,1.0,2022-01-13,0.0,39,Website,2,922.22,230.555,4,2
798,0,27,M,Divorced,Medium,2.0,2.0,2022-04-01,0.0,5,Mobile App,218,953.9499999999999,158.99166666666665,6,3
799,1,20,F,Divorced,Low,1.0,0.0,2022-01-30,1.0,46,Mobile App,362,912.13,228.0325,4,2
800,0,62,M,Married,Medium,2.0,1.0,2022-10-02,1.0,15,Online Banking,217,1213.09,242.618,5,3
801,0,59,M,Single,Medium,,,,,4,Website,117,1621.99,231.71285714285713,7,4
802,0,43,M,Divorced,High,2.0,1.0,2022-10-15,1.0,24,Mobile App,115,504.29,252.145,2,1
803,0,54,F,Married,High,1.0,0.0,2022-11-22,1.0,25,Website,47,2136.39,267.04875,8,4
804,0,44,M,Divorced,High,1.0,1.0,2022-10-16,0.0,37,Website,12,2218.53,316.9328571428572,7,4
805,0,22,M,Divorced,High,1.0,1.0,2022-06-09,0.0,24,Website,348,1100.6200000000001,183.4366666666667,6,4
806,1,59,M,Single,High,1.0,1.0,2022-06-28,0.0,42,Online Banking,133,421.3,140.43333333333334,3,3
807,1,28,F,Married,Medium,,,,,13,Mobile App,306,1217.41,304.3525,4,3
808,0,30,M,Divorced,High,2.0,1.0,2022-10-22,1.0,20,Online Banking,135,1759.63,293.2716666666667,6,2
809,0,58,F,Widowed,Medium,,,,,5,Mobile App,324,1482.3600000000001,164.70666666666668,9,5
810,0,51,F,Widowed,Medium,1.0,1.0,2022-09-05,0.0,20,Online Banking,317,1290.08,322.52,4,3
811,0,55,M,Divorced,Low,1.0,1.0,2022-06-21,0.0,18,Online Banking,267,871.11,435.555,2,2
812,1,57,F,Single,Medium,2.0,2.0,2022-07-13,0.0,39,Mobile App,297,2042.29,291.7557142857143,7,4
813,0,50,M,Single,Medium,,,,,49,Website,23,2206.29,275.78625,8,4
814,0,51,F,Divorced,High,2.0,2.0,2022-09-04,0.0,3,Online Banking,223,1650.27,183.36333333333334,9,5
815,0,44,M,Single,Medium,,,,,44,Online Banking,132,493.38,246.69,2,2
816,0,53,M,Single,High,,,,,31,Online Banking,72,1299.37,162.42125,8,4
817,0,43,F,Widowed,Medium,,,,,30,Website,14,337.9,84.475,4,2
818,0,68,M,Married,Medium,1.0,1.0,2022-11-15,0.0,41,Online Banking,283,1295.74,161.9675,8,3
819,0,42,F,Married,High,1.0,0.0,2022-08-26,1.0,24,Website,239,985.26,197.052,5,4
820,0,36,M,Divorced,Low,,,,,5,Online Banking,114,566.46,283.23,2,2
821,0,38,F,Divorced,Medium,1.0,1.0,2022-05-30,0.0,20,Mobile App,195,304.95,152.475,2,2
822,0,48,F,Divorced,Medium,2.0,0.0,2022-06-06,2.0,24,Mobile App,336,2275.24,252.8044444444444,9,4
823,1,46,F,Widowed,High,1.0,1.0,2022-11-03,0.0,17,Online Banking,0,651.38,217.12666666666667,3,3
824,0,26,F,Widowed,High,,,,,8,Online Banking,330,318.01,318.01,1,1
825,0,36,F,Single,Low,,,,,21,Website,50,1087.05,120.78333333333333,9,3
826,1,43,M,Widowed,Low,1.0,0.0,2022-05-24,1.0,14,Mobile App,166,1099.45,183.24166666666667,6,4
827,1,42,M,Married,Low,,,,,38,Online Banking,83,2317.93,386.32166666666666,6,4
828,0,57,F,Widowed,Medium,1.0,0.0,2022-07-27,1.0,32,Online Banking,80,1361.59,340.3975,4,3
829,0,60,M,Divorced,Medium,,,,,36,Online Banking,201,144.37,144.37,1,1
830,0,46,M,Married,High,,,,,40,Website,167,395.99,197.995,2,2
831,1,42,F,Single,High,1.0,0.0,2022-06-28,1.0,4,Mobile App,119,1417.95,177.24375,8,4
832,0,36,F,Married,High,,,,,21,Website,131,1463.62,292.724,5,3
833,0,21,F,Widowed,Low,1.0,0.0,2022-04-23,1.0,25,Mobile App,108,1000.79,200.158,5,3
834,0,62,F,Widowed,Low,1.0,0.0,2022-04-21,1.0,45,Mobile App,40,1521.8600000000001,304.372,5,3
835,0,37,M,Single,Low,1.0,1.0,2022-11-21,0.0,1,Mobile App,163,825.2,165.04000000000002,5,4
836,1,63,M,Divorced,Medium,2.0,2.0,2022-09-20,0.0,47,Mobile App,208,1130.44,188.40666666666667,6,2
837,0,18,F,Single,Medium,,,,,13,Website,127,1600.01,228.57285714285715,7,4
838,0,28,M,Single,High,2.0,1.0,2022-10-21,1.0,16,Online Banking,362,1729.93,192.21444444444444,9,5
839,0,21,M,Single,Low,,,,,29,Mobile App,186,1182.6,236.51999999999998,5,4
840,0,24,F,Single,Medium,1.0,1.0,2022-01-24,0.0,39,Mobile App,190,997.8299999999999,199.56599999999997,5,2
841,1,45,M,Widowed,Low,1.0,0.0,2022-04-11,1.0,29,Website,149,1829.46,228.6825,8,4
842,0,53,M,Divorced,Medium,1.0,1.0,2022-08-05,0.0,12,Mobile App,277,2806.69,350.83625,8,3
843,0,24,F,Married,Low,1.0,1.0,2022-12-26,0.0,31,Website,327,1069.53,213.906,5,4
844,0,37,M,Divorced,Medium,,,,,20,Mobile App,61,1505.23,250.87166666666667,6,4
845,0,52,M,Divorced,Medium,,,,,35,Online Banking,316,2238.86,279.8575,8,5
846,0,68,M,Single,Medium,,,,,41,Mobile App,103,1667.48,333.496,5,2
847,0,68,F,Divorced,Medium,2.0,2.0,2022-07-17,0.0,28,Online Banking,39,1672.9299999999998,278.82166666666666,6,5
848,1,56,F,Single,High,2.0,1.0,2022-09-04,1.0,35,Mobile App,362,690.1600000000001,345.08000000000004,2,2
849,0,38,M,Married,Low,2.0,1.0,2022-10-16,1.0,29,Website,345,830.54,166.108,5,4
850,1,61,F,Single,Medium,,,,,44,Mobile App,133,38.12,38.12,1,1
851,0,18,M,Married,Medium,1.0,1.0,2022-11-09,0.0,39,Online Banking,336,580.18,290.09,2,1
852,0,54,F,Divorced,Low,1.0,0.0,2022-07-15,1.0,29,Mobile App,99,569.13,142.2825,4,2
853,0,63,M,Single,Medium,1.0,0.0,2022-05-30,1.0,34,Website,30,1178.95,392.98333333333335,3,3
854,0,59,F,Widowed,Medium,2.0,1.0,2022-11-29,1.0,10,Mobile App,172,47.85,47.85,1,1
855,0,20,M,Married,Low,2.0,1.0,2022-12-13,1.0,37,Online Banking,97,2656.16,332.02,8,4
856,0,51,M,Divorced,High,,,,,48,Website,227,524.36,174.78666666666666,3,2
857,1,30,F,Married,High,1.0,1.0,2022-06-02,0.0,7,Mobile App,174,379.0,379.0,1,1
858,0,33,M,Single,Medium,2.0,2.0,2022-08-07,0.0,9,Website,145,224.33,112.165,2,1
859,0,51,M,Widowed,High,,,,,16,Website,160,2320.9,257.8777777777778,9,4
860,0,41,F,Married,High,2.0,1.0,2022-04-05,1.0,21,Mobile App,218,410.36,205.18,2,2
861,0,30,F,Married,Medium,1.0,1.0,2022-05-14,0.0,14,Website,229,258.79,129.395,2,2
862,0,23,M,Married,Medium,,,,,2,Online Banking,299,1581.13,263.5216666666667,6,4
863,0,56,M,Divorced,High,2.0,1.0,2022-06-29,1.0,26,Online Banking,78,1031.04,147.29142857142855,7,5
864,0,19,M,Widowed,Medium,,,,,34,Website,286,1537.15,219.59285714285716,7,5
865,0,28,F,Widowed,Medium,1.0,0.0,2022-10-21,1.0,47,Mobile App,204,2739.69,304.41,9,4
866,0,24,F,Widowed,High,,,,,49,Website,5,440.09000000000003,220.04500000000002,2,1
867,0,24,M,Married,Low,,,,,18,Website,11,985.19,164.19833333333335,6,3
868,0,56,M,Married,High,,,,,12,Website,162,1858.01,309.66833333333335,6,4
869,1,56,M,Married,High,2.0,1.0,2022-08-10,1.0,19,Online Banking,16,1708.06,244.00857142857143,7,4
870,0,29,M,Married,High,1.0,0.0,2022-11-29,1.0,36,Website,347,358.81,358.81,1,1
871,0,68,F,Single,Medium,2.0,1.0,2022-07-16,1.0,38,Online Banking,106,1268.83,317.2075,4,3
872,0,39,M,Single,High,,,,,16,Website,245,2710.07,338.75875,8,3
873,0,68,M,Divorced,Medium,,,,,46,Website,72,868.72,289.5733333333333,3,3
874,0,68,F,Married,Low,2.0,2.0,2022-10-02,0.0,8,Mobile App,2,488.21,488.21,1,1
875,0,69,F,Divorced,High,,,,,9,Website,29,2066.71,258.33875,8,4
876,0,20,F,Widowed,Low,1.0,1.0,2022-10-08,0.0,4,Online Banking,102,1940.62,242.5775,8,5
877,0,30,F,Married,High,,,,,36,Website,214,2189.5499999999997,312.7928571428571,7,3
878,0,47,M,Single,Medium,,,,,47,Website,148,2181.62,272.7025,8,5
879,0,27,M,Married,Low,1.0,1.0,2022-09-15,0.0,38,Online Banking,173,328.09,328.09,1,1
880,0,69,F,Widowed,High,2.0,2.0,2022-07-06,0.0,49,Online Banking,51,1311.23,187.31857142857143,7,4
881,0,26,F,Divorced,Low,2.0,1.0,2022-09-30,1.0,49,Website,274,189.28,189.28,1,1
882,0,23,M,Married,Medium,,,,,45,Website,112,745.26,248.42,3,2
883,0,61,M,Single,Medium,2.0,0.0,2022-05-03,2.0,4,Website,77,776.71,110.95857142857143,7,5
884,0,19,M,Widowed,High,1.0,0.0,2022-07-02,1.0,8,Online Banking,87,2069.03,229.89222222222224,9,5
885,0,61,F,Widowed,High,2.0,1.0,2022-10-04,1.0,43,Mobile App,356,2431.0299999999997,270.1144444444444,9,4
886,0,33,F,Divorced,Low,1.0,1.0,2022-04-08,0.0,7,Mobile App,132,2197.83,313.9757142857143,7,3
887,0,30,F,Married,Medium,2.0,1.0,2022-05-04,1.0,3,Website,295,812.28,203.07,4,2
888,0,65,M,Single,Medium,1.0,0.0,2022-01-30,1.0,1,Online Banking,118,436.94,145.64666666666668,3,3
889,0,30,M,Married,High,,,,,4,Mobile App,339,306.88,76.72,4,2
890,0,39,M,Single,Medium,2.0,2.0,2022-12-22,0.0,1,Mobile App,305,369.47,184.735,2,2
891,0,36,F,Divorced,Medium,2.0,0.0,2022-12-08,2.0,46,Website,291,1602.17,320.434,5,3
892,0,43,F,Widowed,Medium,1.0,0.0,2022-04-24,1.0,42,Mobile App,349,183.21,183.21,1,1
893,0,31,M,Divorced,Low,2.0,1.0,2022-10-09,1.0,38,Mobile App,78,3026.91,336.3233333333333,9,4
894,0,48,M,Widowed,Low,2.0,1.0,2022-06-25,1.0,37,Mobile App,132,983.26,327.75333333333333,3,2
895,0,46,F,Married,Low,,,,,12,Mobile App,96,1649.0800000000002,235.58285714285716,7,5
896,0,62,F,Widowed,Medium,1.0,1.0,2022-10-12,0.0,42,Online Banking,39,1403.03,175.37875,8,4
897,0,59,F,Single,High,2.0,0.0,2022-12-17,2.0,10,Mobile App,132,2125.28,265.66,8,5
898,0,39,M,Divorced,High,1.0,0.0,2022-08-25,1.0,47,Online Banking,356,2794.0,310.44444444444446,9,4
899,1,24,M,Widowed,High,1.0,0.0,2022-07-05,1.0,1,Website,15,38.78,38.78,1,1
900,0,54,F,Widowed,Low,1.0,1.0,2022-09-28,0.0,2,Online Banking,283,353.54,117.84666666666668,3,2
901,0,66,M,Married,Medium,,,,,12,Website,351,517.94,258.97,2,2
902,0,58,F,Married,Low,2.0,1.0,2022-09-15,1.0,39,Online Banking,105,1040.2,148.6,7,4
903,1,44,M,Married,Low,1.0,1.0,2022-08-02,0.0,48,Mobile App,192,762.78,190.695,4,3
904,0,48,M,Single,High,1.0,1.0,2022-06-02,0.0,36,Mobile App,37,1684.39,240.62714285714287,7,3
905,0,23,M,Married,High,1.0,0.0,2022-06-17,1.0,7,Online Banking,34,1222.55,152.81875,8,5
906,1,33,F,Widowed,Medium,,,,,38,Website,272,1235.8,247.16,5,4
907,0,55,M,Single,Low,,,,,25,Website,207,54.82,54.82,1,1
908,0,55,F,Married,Medium,2.0,1.0,2022-06-20,1.0,3,Website,25,1865.09,207.23222222222222,9,4
909,0,67,M,Widowed,Low,,,,,27,Online Banking,332,718.24,239.41333333333333,3,2
910,0,49,F,Single,Medium,,,,,24,Online Banking,137,797.14,199.285,4,3
911,0,50,F,Widowed,Low,,,,,27,Mobile App,307,1058.9,352.9666666666667,3,2
912,0,66,F,Married,Medium,1.0,0.0,2022-11-11,1.0,6,Mobile App,154,1915.01,212.7788888888889,9,5
913,0,34,F,Married,Low,2.0,2.0,2022-10-20,0.0,25,Mobile App,105,267.44,267.44,1,1
914,0,50,F,Single,Low,2.0,1.0,2022-07-09,1.0,43,Website,153,1722.8,246.1142857142857,7,4
915,0,28,M,Divorced,High,,,,,31,Online Banking,192,1786.6,255.22857142857143,7,4
916,0,30,M,Widowed,Low,,,,,44,Mobile App,122,1176.86,196.14333333333332,6,4
917,0,47,F,Widowed,High,1.0,1.0,2022-06-17,0.0,9,Mobile App,235,1799.3600000000001,224.92000000000002,8,3
918,1,18,F,Divorced,Medium,,,,,39,Mobile App,81,1140.8200000000002,285.20500000000004,4,4
919,1,47,F,Divorced,High,,,,,29,Website,17,1547.47,221.06714285714287,7,4
920,0,44,M,Widowed,Low,1.0,0.0,2022-02-06,1.0,14,Mobile App,84,2059.02,228.78,9,4
921,0,57,F,Single,High,1.0,0.0,2022-07-20,1.0,36,Online Banking,56,1778.2,296.3666666666667,6,4
922,0,40,M,Divorced,High,1.0,0.0,2022-07-02,1.0,29,Website,143,1135.0,378.3333333333333,3,3
923,0,37,F,Married,Medium,2.0,0.0,2022-12-10,2.0,43,Website,324,2462.85,273.65,9,4
924,1,23,M,Single,High,1.0,0.0,2022-10-02,1.0,41,Website,281,760.13,380.065,2,2
925,1,54,F,Divorced,Medium,,,,,38,Mobile App,345,1930.4099999999999,386.082,5,4
926,1,37,M,Married,Medium,,,,,22,Online Banking,242,157.62,157.62,1,1
927,1,54,M,Married,High,,,,,12,Mobile App,208,1462.34,292.46799999999996,5,4
928,0,23,F,Widowed,Low,2.0,1.0,2022-12-05,1.0,40,Website,224,2584.66,323.0825,8,4
929,0,46,F,Single,Medium,,,,,49,Online Banking,318,358.27,358.27,1,1
930,0,30,F,Divorced,High,,,,,26,Website,143,809.61,404.805,2,1
931,0,44,F,Married,Medium,1.0,0.0,2022-07-15,1.0,46,Mobile App,296,1985.28,397.056,5,3
932,0,67,M,Widowed,High,1.0,1.0,2022-06-04,0.0,28,Online Banking,209,350.46,350.46,1,1
933,0,37,M,Divorced,High,2.0,1.0,2022-05-02,1.0,21,Website,246,74.06,74.06,1,1
934,0,30,M,Married,Low,1.0,1.0,2022-02-24,0.0,27,Mobile App,47,282.29,282.29,1,1
935,1,56,M,Widowed,High,2.0,2.0,2022-04-10,0.0,33,Website,64,939.39,234.8475,4,3
936,0,25,M,Married,Medium,,,,,29,Mobile App,156,2591.57,287.95222222222225,9,5
937,1,34,M,Widowed,Medium,2.0,1.0,2022-10-04,1.0,24,Mobile App,276,1842.6599999999999,263.2371428571428,7,4
938,0,47,F,Widowed,Low,1.0,0.0,2022-11-17,1.0,32,Website,195,695.9300000000001,231.9766666666667,3,3
939,0,18,M,Single,Medium,,,,,6,Website,39,394.48,394.48,1,1
940,0,41,M,Divorced,Low,2.0,1.0,2022-09-09,1.0,27,Mobile App,271,1536.43,219.49,7,5
941,0,33,M,Widowed,High,,,,,16,Website,100,1440.83,240.13833333333332,6,3
942,0,28,F,Married,High,,,,,36,Online Banking,201,1539.42,219.91714285714286,7,5
943,0,21,M,Divorced,High,1.0,1.0,2022-10-13,0.0,47,Website,287,398.92,199.46,2,2
944,0,21,F,Divorced,Low,2.0,1.0,2022-09-26,1.0,30,Website,210,1280.1000000000001,256.02000000000004,5,3
945,0,34,M,Divorced,Medium,,,,,15,Website,164,541.1999999999999,108.23999999999998,5,4
946,0,66,M,Single,Medium,,,,,8,Mobile App,48,451.82,150.60666666666665,3,3
947,1,27,F,Widowed,High,1.0,0.0,2022-01-29,1.0,31,Website,239,589.06,196.35333333333332,3,3
948,1,38,M,Widowed,Medium,,,,,9,Mobile App,322,1416.12,283.224,5,4
949,0,55,M,Widowed,Low,,,,,42,Online Banking,202,956.3,239.075,4,3
950,0,66,F,Widowed,Low,,,,,21,Online Banking,253,1085.17,271.2925,4,2
951,0,35,F,Married,Low,2.0,1.0,2022-06-21,1.0,39,Online Banking,53,1494.92,213.56,7,4
952,0,27,M,Widowed,Low,1.0,0.0,2022-10-04,1.0,39,Website,286,344.33,344.33,1,1
953,0,62,M,Divorced,Medium,2.0,1.0,2022-10-21,1.0,43,Website,71,2580.58,286.7311111111111,9,5
954,0,33,F,Widowed,Low,,,,,20,Online Banking,164,2009.3200000000002,334.8866666666667,6,4
955,0,56,F,Widowed,Medium,2.0,1.0,2022-12-23,1.0,26,Website,23,1453.74,242.29,6,4
956,0,32,F,Widowed,High,,,,,38,Online Banking,72,858.04,286.0133333333333,3,3
957,0,51,F,Widowed,Medium,,,,,43,Mobile App,213,32.8,32.8,1,1
958,0,22,M,Single,Low,1.0,0.0,2022-04-08,1.0,14,Online Banking,224,972.8,194.56,5,4
959,0,34,M,Divorced,Medium,,,,,48,Online Banking,44,285.35,285.35,1,1
960,0,54,F,Single,High,2.0,0.0,2022-06-18,2.0,41,Online Banking,324,1553.52,258.92,6,3
961,0,25,M,Divorced,High,2.0,1.0,2022-12-10,1.0,21,Mobile App,244,964.3299999999999,321.4433333333333,3,2
962,1,41,F,Widowed,High,2.0,0.0,2022-06-13,2.0,19,Online Banking,271,1021.08,255.27,4,3
963,0,45,F,Widowed,Medium,2.0,2.0,2022-11-19,0.0,14,Online Banking,105,660.3299999999999,220.10999999999999,3,2
964,0,64,M,Divorced,Low,2.0,1.0,2022-11-01,1.0,9,Online Banking,293,2348.82,260.98,9,4
965,1,25,F,Divorced,Low,1.0,0.0,2022-05-17,1.0,42,Mobile App,173,213.98,213.98,1,1
966,1,40,F,Single,Medium,,,,,4,Mobile App,229,2097.75,299.67857142857144,7,3
967,0,52,M,Single,Low,,,,,23,Online Banking,247,230.71,230.71,1,1
968,0,48,M,Married,Low,1.0,1.0,2022-12-04,0.0,22,Online Banking,348,344.12,172.06,2,2
969,0,34,F,Married,Medium,1.0,0.0,2022-11-12,1.0,20,Online Banking,250,1296.96,324.24,4,3
970,1,45,M,Single,High,2.0,0.0,2022-06-28,2.0,19,Website,284,748.6800000000001,124.78000000000002,6,4
971,1,65,M,Married,Low,,,,,19,Mobile App,75,283.95,141.975,2,2
972,0,65,M,Single,High,,,,,23,Mobile App,66,1105.44,368.48,3,1
973,0,68,M,Single,Low,,,,,31,Website,74,56.53,56.53,1,1
974,0,29,M,Single,High,,,,,46,Mobile App,110,1789.81,298.3016666666667,6,4
975,1,41,M,Married,High,,,,,19,Mobile App,108,1892.1799999999998,270.31142857142856,7,4
976,0,32,F,Divorced,Low,,,,,44,Online Banking,317,557.62,278.81,2,2
977,0,57,M,Widowed,Low,2.0,2.0,2022-04-05,0.0,20,Online Banking,326,772.3399999999999,257.44666666666666,3,2
978,0,48,F,Married,Medium,1.0,0.0,2022-10-10,1.0,26,Mobile App,108,1465.5,209.35714285714286,7,5
979,1,44,F,Widowed,Low,1.0,1.0,2022-07-24,0.0,6,Website,227,1711.28,244.46857142857144,7,4
980,0,52,F,Widowed,Low,1.0,0.0,2022-09-07,1.0,28,Online Banking,241,2079.5,259.9375,8,4
981,0,35,M,Divorced,Medium,,,,,41,Website,99,285.43,285.43,1,1
982,1,53,M,Married,High,1.0,1.0,2022-09-26,0.0,4,Mobile App,194,913.21,152.20166666666668,6,3
983,0,25,F,Widowed,Medium,2.0,1.0,2022-11-14,1.0,49,Mobile App,236,1395.3000000000002,279.06000000000006,5,2
984,0,63,F,Divorced,High,1.0,1.0,2022-03-20,0.0,44,Website,244,1127.04,140.88,8,4
985,0,66,F,Divorced,Medium,2.0,1.0,2022-05-11,1.0,9,Website,302,1752.58,350.51599999999996,5,4
986,0,55,F,Single,Low,2.0,2.0,2022-05-27,0.0,49,Online Banking,53,1392.61,198.9442857142857,7,4
987,1,22,M,Married,Low,,,,,14,Mobile App,206,1683.65,240.52142857142857,7,5
988,0,31,F,Widowed,High,2.0,0.0,2022-04-12,2.0,31,Website,320,2543.12,282.56888888888886,9,5
989,1,55,M,Divorced,Low,2.0,0.0,2022-10-07,2.0,29,Website,158,1530.42,218.6314285714286,7,5
990,1,37,F,Widowed,High,2.0,1.0,2022-10-25,1.0,49,Mobile App,207,483.5,483.5,1,1
991,0,61,M,Married,Medium,,,,,22,Website,105,801.36,267.12,3,2
992,0,26,M,Single,Low,1.0,0.0,2022-09-29,1.0,9,Website,280,311.62,311.62,1,1
993,0,50,F,Widowed,High,,,,,11,Website,4,81.64,81.64,1,1
994,0,35,F,Single,Medium,2.0,0.0,2022-07-02,2.0,25,Mobile App,161,1801.34,200.14888888888888,9,4
995,1,23,F,Divorced,Low,1.0,1.0,2022-05-02,0.0,34,Website,153,1020.0,204.0,5,4
996,0,54,F,Single,Low,,,,,38,Mobile App,336,227.25,227.25,1,1
997,0,19,M,Widowed,High,,,,,5,Mobile App,274,419.82,209.91,2,2
998,0,47,M,Married,Low,,,,,47,Website,174,252.15,252.15,1,1
999,0,23,M,Widowed,High,,,,,23,Website,357,2393.2599999999998,265.91777777777776,9,4
1000,0,34,M,Widowed,Low,,,,,22,Mobile App,140,1670.79,278.465,6,3
